Timestamp,Glucose,delta,delta_30min,roc,meal_event,carb_est,insulin_event,insulin_est_units,Date,Carb Value,Insulin Value
2026-04-06 00:15:58,130.0,0.0,0.0,0.0,0,0.0,0,0.0,2026-04-06,0.0,0.0
2026-04-06 00:20:58,130.0,0.0,0.0,0.0,0,0.0,0,0.0,2026-04-06,0.0,0.0
2026-04-06 00:25:58,137.0,7.0,0.0,1.4,0,0.0,0,0.0,2026-04-06,0.0,0.0
2026-04-06 00:30:58,152.0,15.0,0.0,3.0,0,0.0,0,0.0,2026-04-06,0.0,0.0
2026-04-06 00:35:58,150.0,-2.0,0.0,-0.4,0,0.0,0,0.0,2026-04-06,0.0,0.0
2026-04-06 00:40:58,148.0,-2.0,0.0,-0.4,0,0.0,0,0.0,2026-04-06,0.0,0.0
2026-04-06 00:45:57,146.0,-2.0,16.0,-0.4,0,0.0,0,0.0,2026-04-06,0.0,0.0
2026-04-06 00:50:58,146.0,0.0,16.0,0.0,0,0.0,0,0.0,2026-04-06,0.0,0.0
2026-04-06 00:55:58,148.0,2.0,11.0,0.4,0,0.0,0,0.0,2026-04-06,0.0,0.0
2026-04-06 01:00:58,152.0,4.0,0.0,0.8,0,0.0,0,0.0,2026-04-06,0.0,0.0
2026-04-06 01:05:58,157.0,5.0,7.0,1.0,0,0.0,0,0.0,2026-04-06,0.0,0.0
2026-04-06 01:10:58,148.0,-9.0,0.0,-1.8,0,0.0,0,0.0,2026-04-06,0.0,0.0
2026-04-06 01:15:59,154.0,6.0,8.0,1.2,0,0.0,0,0.0,2026-04-06,0.0,0.0
2026-04-06 01:20:58,158.0,4.0,12.0,0.8,0,0.0,0,0.0,2026-04-06,0.0,0.0
2026-04-06 01:25:58,154.0,-4.0,6.0,-0.8,0,0.0,0,0.0,2026-04-06,0.0,0.0
2026-04-06 01:30:58,143.0,-11.0,-9.0,-2.2,0,0.0,0,0.0,2026-04-06,0.0,0.0
2026-04-06 01:35:58,144.0,1.0,-13.0,0.2,0,0.0,0,0.0,2026-04-06,0.0,0.0
2026-04-06 01:40:58,137.0,-7.0,-11.0,-1.4,0,0.0,0,0.0,2026-04-06,0.0,0.0
2026-04-06 01:45:58,124.0,-13.0,-30.0,-2.6,0,0.0,0,0.0,2026-04-06,0.0,0.0
2026-04-06 01:50:59,111.0,-13.0,-47.0,-2.6,0,0.0,1,1.175,2026-04-06,0.0,0.0
2026-04-06 01:55:58,122.0,11.0,-32.0,2.2,0,0.0,1,0.8,2026-04-06,0.0,0.0
2026-04-06 02:00:58,120.0,-2.0,-23.0,-0.4,0,0.0,0,0.0,2026-04-06,0.0,0.0
2026-04-06 02:05:58,114.0,-6.0,-30.0,-1.2,0,0.0,0,0.0,2026-04-06,0.0,0.0
2026-04-06 02:10:59,107.0,-7.0,-30.0,-1.4,0,0.0,0,0.0,2026-04-06,0.0,0.0
2026-04-06 02:15:58,102.0,-5.0,-22.0,-1.0,0,0.0,0,0.0,2026-04-06,0.0,0.0
2026-04-06 02:20:59,99.0,-3.0,-12.0,-0.6,0,0.0,0,0.0,2026-04-06,0.0,0.0
2026-04-06 02:25:58,98.0,-1.0,-24.0,-0.2,0,0.0,0,0.0,2026-04-06,0.0,0.0
2026-04-06 02:30:58,97.0,-1.0,-23.0,-0.2,0,0.0,0,0.0,2026-04-06,0.0,0.0
2026-04-06 02:35:59,95.0,-2.0,-19.0,-0.4,0,0.0,0,0.0,2026-04-06,0.0,0.0
2026-04-06 02:40:58,101.0,6.0,-6.0,1.2,0,0.0,0,0.0,2026-04-06,0.0,0.0
2026-04-06 02:45:58,138.0,37.0,36.0,7.4,1,43.199999999999996,0,0.0,2026-04-06,0.0,0.0
2026-04-06 02:50:58,142.0,4.0,43.0,0.8,1,51.6,0,0.0,2026-04-06,0.0,0.0
2026-04-06 02:55:58,123.0,-19.0,25.0,-3.8,0,0.0,0,0.0,2026-04-06,0.0,0.0
2026-04-06 03:00:58,102.0,-21.0,5.0,-4.2,0,0.0,0,0.0,2026-04-06,0.0,0.0
2026-04-06 03:05:58,99.0,-3.0,4.0,-0.6,0,0.0,0,0.0,2026-04-06,0.0,0.0
2026-04-06 03:10:59,98.0,-1.0,-3.0,-0.2,0,0.0,0,0.0,2026-04-06,0.0,0.0
2026-04-06 03:15:59,101.0,3.0,-37.0,0.6,0,0.0,1,0.925,2026-04-06,0.0,0.0
2026-04-06 03:20:58,124.0,23.0,-18.0,4.6,0,0.0,0,0.0,2026-04-06,0.0,0.0
2026-04-06 03:25:58,113.0,-11.0,-10.0,-2.2,0,0.0,0,0.0,2026-04-06,0.0,0.0
2026-04-06 03:30:58,99.0,-14.0,-3.0,-2.8,0,0.0,0,0.0,2026-04-06,0.0,0.0
2026-04-06 03:35:59,91.0,-8.0,-8.0,-1.6,0,0.0,0,0.0,2026-04-06,0.0,0.0
2026-04-06 03:40:59,87.0,-4.0,-11.0,-0.8,0,0.0,0,0.0,2026-04-06,0.0,0.0
2026-04-06 03:45:58,87.0,0.0,-14.0,0.0,0,0.0,0,0.0,2026-04-06,0.0,0.0
2026-04-06 03:50:59,85.0,-2.0,-39.0,-0.4,0,0.0,1,0.975,2026-04-06,0.0,0.0
2026-04-06 03:55:59,83.0,-2.0,-30.0,-0.4,0,0.0,0,0.0,2026-04-06,0.0,0.0
2026-04-06 04:00:59,89.0,6.0,-10.0,1.2,0,0.0,0,0.0,2026-04-06,0.0,0.0
2026-04-06 04:05:58,118.0,29.0,27.0,5.8,0,0.0,0,0.0,2026-04-06,0.0,0.0
2026-04-06 04:10:58,125.0,7.0,38.0,1.4,1,45.6,0,0.0,2026-04-06,0.0,0.0
2026-04-06 04:15:59,113.0,-12.0,26.0,-2.4,0,0.0,0,0.0,2026-04-06,0.0,0.0
2026-04-06 04:20:58,99.0,-14.0,14.0,-2.8,0,0.0,0,0.0,2026-04-06,0.0,0.0
2026-04-06 04:25:58,106.0,7.0,23.0,1.4,0,0.0,0,0.0,2026-04-06,0.0,0.0
2026-04-06 04:30:59,112.0,6.0,23.0,1.2,0,0.0,0,0.0,2026-04-06,0.0,0.0
2026-04-06 04:35:59,108.0,-4.0,-10.0,-0.8,0,0.0,0,0.0,2026-04-06,0.0,0.0
2026-04-06 04:40:59,105.0,-3.0,-20.0,-0.6,0,0.0,0,0.0,2026-04-06,0.0,0.0
2026-04-06 04:45:59,98.0,-7.0,-15.0,-1.4,0,0.0,0,0.0,2026-04-06,0.0,0.0
2026-04-06 04:50:58,72.0,-26.0,-27.0,-5.2,0,0.0,0,0.0,2026-04-06,0.0,0.0
2026-04-06 04:55:59,56.0,-16.0,-50.0,-3.2,0,0.0,1,1.25,2026-04-06,0.0,0.0
2026-04-06 05:00:59,64.0,8.0,-48.0,1.6,0,0.0,1,1.2,2026-04-06,0.0,0.0
2026-04-06 05:05:59,65.0,1.0,-43.0,0.2,0,0.0,1,1.075,2026-04-06,0.0,0.0
2026-04-06 05:10:59,63.0,-2.0,-42.0,-0.4,0,0.0,1,1.05,2026-04-06,0.0,0.0
2026-04-06 05:15:59,59.0,-4.0,-39.0,-0.8,0,0.0,1,0.975,2026-04-06,0.0,0.0
2026-04-06 05:20:59,56.0,-3.0,-16.0,-0.6,0,0.0,0,0.0,2026-04-06,0.0,0.0
2026-04-06 05:25:59,61.0,5.0,5.0,1.0,0,0.0,0,0.0,2026-04-06,0.0,0.0
2026-04-06 05:30:59,68.0,7.0,4.0,1.4,0,0.0,0,0.0,2026-04-06,0.0,0.0
2026-04-06 05:35:58,79.0,11.0,14.0,2.2,0,0.0,0,0.0,2026-04-06,0.0,0.0
2026-04-06 05:45:59,131.0,52.0,68.0,10.4,1,81.6,0,0.0,2026-04-06,0.0,0.0
2026-04-06 05:50:59,159.0,28.0,100.0,5.6,1,120.0,0,0.0,2026-04-06,0.0,0.0
2026-04-06 05:56:00,143.0,-16.0,87.0,-3.2,1,104.39999999999999,0,0.0,2026-04-06,0.0,0.0
2026-04-06 06:00:59,131.0,-12.0,70.0,-2.4,1,84.0,0,0.0,2026-04-06,0.0,0.0
2026-04-06 06:05:59,131.0,0.0,63.0,0.0,1,75.6,0,0.0,2026-04-06,0.0,0.0
2026-04-06 06:10:59,129.0,-2.0,50.0,-0.4,1,60.0,0,0.0,2026-04-06,75.0,9.425
2026-04-06 06:15:59,136.0,7.0,5.0,1.4,0,0.0,0,0.0,2026-04-06,0.0,0.0
2026-04-06 06:20:59,156.0,20.0,-3.0,4.0,0,0.0,0,0.0,2026-04-06,0.0,0.0
2026-04-06 06:25:59,154.0,-2.0,11.0,-0.4,0,0.0,0,0.0,2026-04-06,0.0,0.0
2026-04-06 06:30:59,145.0,-9.0,14.0,-1.8,0,0.0,0,0.0,2026-04-06,0.0,0.0
2026-04-06 06:35:59,146.0,1.0,15.0,0.2,0,0.0,0,0.0,2026-04-06,0.0,0.0
2026-04-06 06:40:59,153.0,7.0,24.0,1.4,0,0.0,0,0.0,2026-04-06,0.0,0.0
2026-04-06 06:45:59,161.0,8.0,25.0,1.6,0,0.0,0,0.0,2026-04-06,0.0,0.0
2026-04-06 06:51:00,163.0,2.0,7.0,0.4,0,0.0,0,0.0,2026-04-06,0.0,0.0
2026-04-06 06:55:59,154.0,-9.0,0.0,-1.8,0,0.0,0,0.0,2026-04-06,0.0,0.0
2026-04-06 07:00:59,161.0,7.0,16.0,1.4,0,0.0,0,0.0,2026-04-06,0.0,0.0
2026-04-06 07:05:59,166.0,5.0,20.0,1.0,0,0.0,0,0.0,2026-04-06,0.0,0.0
2026-04-06 07:10:59,164.0,-2.0,11.0,-0.4,0,0.0,0,0.0,2026-04-06,0.0,0.0
2026-04-06 07:15:59,165.0,1.0,4.0,0.2,0,0.0,0,0.0,2026-04-06,0.0,0.0
2026-04-06 07:20:59,166.0,1.0,3.0,0.2,0,0.0,0,0.0,2026-04-06,0.0,0.0
2026-04-06 07:25:59,169.0,3.0,15.0,0.6,0,0.0,0,0.0,2026-04-06,0.0,0.0
2026-04-06 07:30:59,172.0,3.0,11.0,0.6,0,0.0,0,0.0,2026-04-06,0.0,0.0
2026-04-06 07:35:59,176.0,4.0,10.0,0.8,0,0.0,0,0.0,2026-04-06,0.0,0.0
2026-04-06 07:40:59,178.0,2.0,14.0,0.4,0,0.0,0,0.0,2026-04-06,0.0,0.0
2026-04-06 07:45:59,180.0,2.0,15.0,0.4,0,0.0,0,0.0,2026-04-06,0.0,0.0
2026-04-06 07:50:59,180.0,0.0,14.0,0.0,0,0.0,0,0.0,2026-04-06,0.0,0.0
2026-04-06 07:56:00,181.0,1.0,12.0,0.2,0,0.0,0,0.0,2026-04-06,0.0,0.0
2026-04-06 08:01:00,176.0,-5.0,4.0,-1.0,0,0.0,0,0.0,2026-04-06,0.0,0.0
2026-04-06 08:05:59,162.0,-14.0,-14.0,-2.8,0,0.0,0,0.0,2026-04-06,0.0,0.0
2026-04-06 08:10:59,172.0,10.0,-6.0,2.0,0,0.0,0,0.0,2026-04-06,0.0,0.0
2026-04-06 08:16:00,180.0,8.0,0.0,1.6,0,0.0,0,0.0,2026-04-06,0.0,0.0
2026-04-06 08:21:00,185.0,5.0,5.0,1.0,0,0.0,0,0.0,2026-04-06,0.0,0.0
2026-04-06 08:26:00,190.0,5.0,9.0,1.0,0,0.0,0,0.0,2026-04-06,0.0,0.0
2026-04-06 08:30:59,194.0,4.0,18.0,0.8,0,0.0,0,0.0,2026-04-06,0.0,0.0
2026-04-06 08:36:00,190.0,-4.0,28.0,-0.8,0,0.0,0,0.0,2026-04-06,0.0,0.0
2026-04-06 08:41:00,193.0,3.0,21.0,0.6,0,0.0,0,0.0,2026-04-06,0.0,0.0
2026-04-06 08:46:00,191.0,-2.0,11.0,-0.4,0,0.0,0,0.0,2026-04-06,0.0,0.0
2026-04-06 08:50:59,190.0,-1.0,5.0,-0.2,0,0.0,0,0.0,2026-04-06,0.0,0.0
2026-04-06 08:56:00,193.0,3.0,3.0,0.6,0,0.0,0,0.0,2026-04-06,0.0,0.0
2026-04-06 09:01:00,190.0,-3.0,-4.0,-0.6,0,0.0,0,0.0,2026-04-06,0.0,0.0
2026-04-06 09:06:00,175.0,-15.0,-15.0,-3.0,0,0.0,0,0.0,2026-04-06,0.0,0.0
2026-04-06 09:11:00,182.0,7.0,-11.0,1.4,0,0.0,0,0.0,2026-04-06,0.0,0.0
2026-04-06 09:16:00,192.0,10.0,1.0,2.0,0,0.0,0,0.0,2026-04-06,0.0,0.0
2026-04-06 09:21:00,198.0,6.0,8.0,1.2,0,0.0,0,0.0,2026-04-06,0.0,0.0
2026-04-06 09:26:00,217.0,19.0,24.0,3.8,0,0.0,0,0.0,2026-04-06,0.0,0.0
2026-04-06 09:31:00,229.0,12.0,39.0,2.4,1,46.8,0,0.0,2026-04-06,0.0,0.0
2026-04-06 09:36:00,247.0,18.0,72.0,3.6,1,86.39999999999999,0,0.0,2026-04-06,0.0,0.0
2026-04-06 09:41:00,271.0,24.0,89.0,4.8,1,106.8,0,0.0,2026-04-06,0.0,0.0
2026-04-06 09:46:00,276.0,5.0,84.0,1.0,1,100.8,0,0.0,2026-04-06,0.0,0.0
2026-04-06 09:50:59,300.0,24.0,102.0,4.8,1,122.39999999999999,0,0.0,2026-04-06,0.0,0.0
2026-04-06 09:56:01,324.0,24.0,107.0,4.8,1,128.4,0,0.0,2026-04-06,0.0,0.0
2026-04-06 10:01:00,338.0,14.0,109.0,2.8,1,130.79999999999998,0,0.0,2026-04-06,0.0,0.0
2026-04-06 10:05:59,353.0,15.0,106.0,3.0,1,127.19999999999999,0,0.0,2026-04-06,0.0,0.0
2026-04-06 10:11:00,366.0,13.0,95.0,2.6,1,114.0,0,0.0,2026-04-06,0.0,0.0
2026-04-06 10:16:00,364.0,-2.0,88.0,-0.4,1,105.6,0,0.0,2026-04-06,0.0,0.0
2026-04-06 10:21:00,362.0,-2.0,62.0,-0.4,1,74.39999999999999,0,0.0,2026-04-06,0.0,0.0
2026-04-06 10:26:00,364.0,2.0,40.0,0.4,1,48.0,0,0.0,2026-04-06,0.0,0.0
2026-04-06 10:31:00,350.0,-14.0,12.0,-2.8,0,0.0,0,0.0,2026-04-06,0.0,0.0
2026-04-06 10:36:00,331.0,-19.0,-22.0,-3.8,0,0.0,0,0.0,2026-04-06,0.0,0.0
2026-04-06 10:41:00,310.0,-21.0,-56.0,-4.2,0,0.0,1,1.4,2026-04-06,0.0,0.0
2026-04-06 10:46:01,289.0,-21.0,-75.0,-4.2,0,0.0,1,1.875,2026-04-06,0.0,0.0
2026-04-06 10:51:00,264.0,-25.0,-98.0,-5.0,0,0.0,1,2.45,2026-04-06,0.0,0.0
2026-04-06 10:56:00,254.0,-10.0,-110.0,-2.0,0,0.0,1,2.75,2026-04-06,0.0,0.0
2026-04-06 11:01:00,243.0,-11.0,-107.0,-2.2,0,0.0,1,2.675,2026-04-06,0.0,0.0
2026-04-06 11:06:00,235.0,-8.0,-96.0,-1.6,0,0.0,1,2.4,2026-04-06,0.0,0.0
2026-04-06 11:11:00,219.0,-16.0,-91.0,-3.2,0,0.0,1,2.275,2026-04-06,0.0,0.0
2026-04-06 11:16:00,209.0,-10.0,-80.0,-2.0,0,0.0,1,2.0,2026-04-06,0.0,0.0
2026-04-06 11:21:00,200.0,-9.0,-64.0,-1.8,0,0.0,1,1.6,2026-04-06,0.0,0.0
2026-04-06 11:26:00,190.0,-10.0,-64.0,-2.0,0,0.0,1,1.6,2026-04-06,0.0,0.0
2026-04-06 11:31:00,184.0,-6.0,-59.0,-1.2,0,0.0,1,1.475,2026-04-06,0.0,0.0
2026-04-06 11:36:00,179.0,-5.0,-56.0,-1.0,0,0.0,1,1.4,2026-04-06,0.0,0.0
2026-04-06 11:41:00,173.0,-6.0,-46.0,-1.2,0,0.0,1,1.15,2026-04-06,0.0,0.0
2026-04-06 11:46:00,171.0,-2.0,-38.0,-0.4,0,0.0,1,0.95,2026-04-06,0.0,0.0
2026-04-06 11:51:00,168.0,-3.0,-32.0,-0.6,0,0.0,1,0.8,2026-04-06,0.0,0.0
2026-04-06 11:56:03,165.0,-3.0,-25.0,-0.6,0,0.0,0,0.0,2026-04-06,0.0,0.0
2026-04-06 12:01:00,160.0,-5.0,-24.0,-1.0,0,0.0,0,0.0,2026-04-06,0.0,0.0
2026-04-06 12:06:01,157.0,-3.0,-22.0,-0.6,0,0.0,0,0.0,2026-04-06,0.0,0.0
2026-04-06 12:11:00,158.0,1.0,-15.0,0.2,0,0.0,0,0.0,2026-04-06,0.0,0.0
2026-04-06 12:16:00,150.0,-8.0,-21.0,-1.6,0,0.0,0,0.0,2026-04-06,0.0,0.0
2026-04-06 12:21:00,142.0,-8.0,-26.0,-1.6,0,0.0,0,0.0,2026-04-06,0.0,0.0
2026-04-06 12:26:01,155.0,13.0,-10.0,2.6,0,0.0,0,0.0,2026-04-06,0.0,0.0
2026-04-06 12:31:00,162.0,7.0,2.0,1.4,0,0.0,0,0.0,2026-04-06,0.0,0.0
2026-04-06 12:36:01,173.0,11.0,16.0,2.2,0,0.0,0,0.0,2026-04-06,0.0,0.0
2026-04-06 12:41:01,179.0,6.0,21.0,1.2,0,0.0,0,0.0,2026-04-06,0.0,0.0
2026-04-06 12:46:00,179.0,0.0,29.0,0.0,0,0.0,0,0.0,2026-04-06,0.0,0.0
2026-04-06 12:51:00,196.0,17.0,54.0,3.4,1,64.8,0,0.0,2026-04-06,0.0,0.0
2026-04-06 12:56:00,211.0,15.0,56.0,3.0,1,67.2,0,0.0,2026-04-06,0.0,0.0
2026-04-06 13:01:00,209.0,-2.0,47.0,-0.4,1,56.4,0,0.0,2026-04-06,0.0,0.0
2026-04-06 13:06:01,210.0,1.0,37.0,0.2,1,44.4,0,0.0,2026-04-06,75.0,26.8
2026-04-06 13:11:01,202.0,-8.0,23.0,-1.6,0,0.0,0,0.0,2026-04-06,0.0,0.0
2026-04-06 13:16:01,198.0,-4.0,19.0,-0.8,0,0.0,0,0.0,2026-04-06,0.0,0.0
2026-04-06 13:21:00,214.0,16.0,18.0,3.2,0,0.0,0,0.0,2026-04-06,0.0,0.0
2026-04-06 13:26:01,216.0,2.0,5.0,0.4,0,0.0,0,0.0,2026-04-06,0.0,0.0
2026-04-06 13:31:00,216.0,0.0,7.0,0.0,0,0.0,0,0.0,2026-04-06,0.0,0.0
2026-04-06 13:36:01,217.0,1.0,7.0,0.2,0,0.0,0,0.0,2026-04-06,0.0,0.0
2026-04-06 13:41:00,212.0,-5.0,10.0,-1.0,0,0.0,0,0.0,2026-04-06,0.0,0.0
2026-04-06 13:46:00,212.0,0.0,14.0,0.0,0,0.0,0,0.0,2026-04-06,0.0,0.0
2026-04-06 13:51:01,213.0,1.0,-1.0,0.2,0,0.0,0,0.0,2026-04-06,0.0,0.0
2026-04-06 13:56:01,214.0,1.0,-2.0,0.2,0,0.0,0,0.0,2026-04-06,0.0,0.0
2026-04-06 14:01:01,211.0,-3.0,-5.0,-0.6,0,0.0,0,0.0,2026-04-06,0.0,0.0
2026-04-06 14:06:01,210.0,-1.0,-7.0,-0.2,0,0.0,0,0.0,2026-04-06,0.0,0.0
2026-04-06 14:11:00,212.0,2.0,0.0,0.4,0,0.0,0,0.0,2026-04-06,0.0,0.0
2026-04-06 14:16:01,212.0,0.0,0.0,0.0,0,0.0,0,0.0,2026-04-06,0.0,0.0
2026-04-06 14:21:01,211.0,-1.0,-2.0,-0.2,0,0.0,0,0.0,2026-04-06,0.0,0.0
2026-04-06 14:26:01,211.0,0.0,-3.0,0.0,0,0.0,0,0.0,2026-04-06,0.0,0.0
2026-04-06 14:31:01,208.0,-3.0,-3.0,-0.6,0,0.0,0,0.0,2026-04-06,0.0,0.0
2026-04-06 14:36:01,203.0,-5.0,-7.0,-1.0,0,0.0,0,0.0,2026-04-06,0.0,0.0
2026-04-06 14:41:00,193.0,-10.0,-19.0,-2.0,0,0.0,0,0.0,2026-04-06,0.0,0.0
2026-04-06 14:46:00,192.0,-1.0,-20.0,-0.2,0,0.0,0,0.0,2026-04-06,0.0,0.0
2026-04-06 14:51:01,188.0,-4.0,-23.0,-0.8,0,0.0,0,0.0,2026-04-06,0.0,0.0
2026-04-06 14:56:01,177.0,-11.0,-34.0,-2.2,0,0.0,1,0.85,2026-04-06,0.0,0.0
2026-04-06 15:01:01,181.0,4.0,-27.0,0.8,0,0.0,0,0.0,2026-04-06,0.0,0.0
2026-04-06 15:06:01,188.0,7.0,-15.0,1.4,0,0.0,0,0.0,2026-04-06,0.0,0.0
2026-04-06 15:11:01,196.0,8.0,3.0,1.6,0,0.0,0,0.0,2026-04-06,0.0,0.0
2026-04-06 15:16:01,195.0,-1.0,3.0,-0.2,0,0.0,0,0.0,2026-04-06,0.0,0.0
2026-04-06 15:21:00,195.0,0.0,7.0,0.0,0,0.0,0,0.0,2026-04-06,0.0,0.0
2026-04-06 15:26:01,193.0,-2.0,16.0,-0.4,0,0.0,0,0.0,2026-04-06,0.0,0.0
2026-04-06 15:31:01,194.0,1.0,13.0,0.2,0,0.0,0,0.0,2026-04-06,0.0,0.0
2026-04-06 15:36:01,196.0,2.0,8.0,0.4,0,0.0,0,0.0,2026-04-06,0.0,0.0
2026-04-06 15:41:01,191.0,-5.0,-5.0,-1.0,0,0.0,0,0.0,2026-04-06,0.0,0.0
2026-04-06 15:46:01,191.0,0.0,-4.0,0.0,0,0.0,0,0.0,2026-04-06,0.0,0.0
2026-04-06 15:51:01,200.0,9.0,5.0,1.8,0,0.0,0,0.0,2026-04-06,0.0,0.0
2026-04-06 15:56:00,215.0,15.0,22.0,3.0,0,0.0,0,0.0,2026-04-06,0.0,0.0
2026-04-06 16:01:02,221.0,6.0,27.0,1.2,0,0.0,0,0.0,2026-04-06,0.0,0.0
2026-04-06 16:06:01,238.0,17.0,42.0,3.4,1,50.4,0,0.0,2026-04-06,0.0,0.0
2026-04-06 16:11:01,261.0,23.0,70.0,4.6,1,84.0,0,0.0,2026-04-06,0.0,0.0
2026-04-06 16:16:01,269.0,8.0,78.0,1.6,1,93.6,0,0.0,2026-04-06,0.0,0.0
2026-04-06 16:21:01,281.0,12.0,81.0,2.4,1,97.2,0,0.0,2026-04-06,0.0,0.0
2026-04-06 16:26:01,283.0,2.0,68.0,0.4,1,81.6,0,0.0,2026-04-06,0.0,0.0
2026-04-06 16:31:01,283.0,0.0,62.0,0.0,1,74.39999999999999,0,0.0,2026-04-06,0.0,0.0
2026-04-06 16:36:01,288.0,5.0,50.0,1.0,1,60.0,0,0.0,2026-04-06,0.0,0.0
2026-04-06 16:41:01,281.0,-7.0,20.0,-1.4,0,0.0,0,0.0,2026-04-06,0.0,0.0
2026-04-06 16:46:01,267.0,-14.0,-2.0,-2.8,0,0.0,0,0.0,2026-04-06,0.0,0.0
2026-04-06 16:51:01,255.0,-12.0,-26.0,-2.4,0,0.0,0,0.0,2026-04-06,0.0,0.0
2026-04-06 16:56:01,248.0,-7.0,-35.0,-1.4,0,0.0,1,0.875,2026-04-06,0.0,0.0
2026-04-06 17:01:02,232.0,-16.0,-51.0,-3.2,0,0.0,1,1.275,2026-04-06,0.0,0.0
2026-04-06 17:06:01,212.0,-20.0,-76.0,-4.0,0,0.0,1,1.9,2026-04-06,0.0,0.0
2026-04-06 17:11:01,196.0,-16.0,-85.0,-3.2,0,0.0,1,2.125,2026-04-06,0.0,0.0
2026-04-06 17:16:01,191.0,-5.0,-76.0,-1.0,0,0.0,1,1.9,2026-04-06,0.0,0.0
2026-04-06 17:21:02,195.0,4.0,-60.0,0.8,0,0.0,1,1.5,2026-04-06,0.0,0.0
2026-04-06 17:26:01,198.0,3.0,-50.0,0.6,0,0.0,1,1.25,2026-04-06,0.0,0.0
2026-04-06 17:31:01,201.0,3.0,-31.0,0.6,0,0.0,1,0.775,2026-04-06,0.0,0.0
2026-04-06 17:36:01,200.0,-1.0,-12.0,-0.2,0,0.0,0,0.0,2026-04-06,0.0,0.0
2026-04-06 17:41:02,199.0,-1.0,3.0,-0.2,0,0.0,0,0.0,2026-04-06,0.0,0.0
2026-04-06 17:46:02,197.0,-2.0,6.0,-0.4,0,0.0,0,0.0,2026-04-06,0.0,0.0
2026-04-06 17:51:01,198.0,1.0,3.0,0.2,0,0.0,0,0.0,2026-04-06,0.0,0.0
2026-04-06 17:56:02,204.0,6.0,6.0,1.2,0,0.0,0,0.0,2026-04-06,0.0,0.0
2026-04-06 18:01:02,205.0,1.0,4.0,0.2,0,0.0,0,0.0,2026-04-06,0.0,0.0
2026-04-06 18:06:02,206.0,1.0,6.0,0.2,0,0.0,0,0.0,2026-04-06,0.0,0.0
2026-04-06 18:11:01,209.0,3.0,10.0,0.6,0,0.0,0,0.0,2026-04-06,0.0,0.0
2026-04-06 18:16:02,209.0,0.0,12.0,0.0,0,0.0,0,0.0,2026-04-06,0.0,0.0
2026-04-06 18:21:01,209.0,0.0,11.0,0.0,0,0.0,0,0.0,2026-04-06,0.0,0.0
2026-04-06 18:26:02,206.0,-3.0,2.0,-0.6,0,0.0,0,0.0,2026-04-06,0.0,0.0
2026-04-06 18:31:02,191.0,-15.0,-14.0,-3.0,0,0.0,0,0.0,2026-04-06,0.0,0.0
2026-04-06 18:36:02,193.0,2.0,-13.0,0.4,0,0.0,0,0.0,2026-04-06,0.0,0.0
2026-04-06 18:41:01,182.0,-11.0,-27.0,-2.2,0,0.0,0,0.0,2026-04-06,0.0,0.0
2026-04-06 18:46:02,183.0,1.0,-26.0,0.2,0,0.0,0,0.0,2026-04-06,0.0,0.0
2026-04-06 18:51:02,177.0,-6.0,-32.0,-1.2,0,0.0,1,0.8,2026-04-06,0.0,0.0
2026-04-06 18:56:02,174.0,-3.0,-32.0,-0.6,0,0.0,1,0.8,2026-04-06,0.0,0.0
2026-04-06 19:01:01,172.0,-2.0,-19.0,-0.4,0,0.0,0,0.0,2026-04-06,0.0,0.0
2026-04-06 19:06:02,175.0,3.0,-18.0,0.6,0,0.0,0,0.0,2026-04-06,0.0,0.0
2026-04-06 19:11:01,179.0,4.0,-3.0,0.8,0,0.0,0,0.0,2026-04-06,0.0,0.0
2026-04-06 19:16:01,185.0,6.0,2.0,1.2,0,0.0,0,0.0,2026-04-06,0.0,0.0
2026-04-06 19:21:02,192.0,7.0,15.0,1.4,0,0.0,0,0.0,2026-04-06,0.0,0.0
2026-04-06 19:26:03,194.0,2.0,20.0,0.4,0,0.0,0,0.0,2026-04-06,0.0,0.0
2026-04-06 19:31:02,205.0,11.0,33.0,2.2,1,39.6,0,0.0,2026-04-06,0.0,0.0
2026-04-06 19:36:02,202.0,-3.0,27.0,-0.6,0,0.0,0,0.0,2026-04-06,0.0,0.0
2026-04-06 19:41:03,214.0,12.0,35.0,2.4,1,42.0,0,0.0,2026-04-06,0.0,0.0
2026-04-06 19:46:02,221.0,7.0,36.0,1.4,1,43.199999999999996,0,0.0,2026-04-06,0.0,0.0
2026-04-06 19:51:02,224.0,3.0,32.0,0.6,1,38.4,0,0.0,2026-04-06,0.0,0.0
2026-04-06 19:56:01,228.0,4.0,34.0,0.8,1,40.8,0,0.0,2026-04-06,0.0,0.0
2026-04-06 20:01:02,237.0,9.0,32.0,1.8,1,38.4,0,0.0,2026-04-06,0.0,0.0
2026-04-06 20:06:02,252.0,15.0,50.0,3.0,1,60.0,0,0.0,2026-04-06,0.0,0.0
2026-04-06 20:11:01,250.0,-2.0,36.0,-0.4,1,43.199999999999996,0,0.0,2026-04-06,0.0,0.0
2026-04-06 20:16:02,244.0,-6.0,23.0,-1.2,0,0.0,0,0.0,2026-04-06,0.0,0.0
2026-04-06 20:21:01,257.0,13.0,33.0,2.6,1,39.6,0,0.0,2026-04-06,0.0,0.0
2026-04-06 20:26:02,262.0,5.0,34.0,1.0,1,40.8,0,0.0,2026-04-06,0.0,0.0
2026-04-06 20:31:02,273.0,11.0,36.0,2.2,1,43.199999999999996,0,0.0,2026-04-06,0.0,0.0
2026-04-06 20:36:02,282.0,9.0,30.0,1.8,0,0.0,0,0.0,2026-04-06,0.0,0.0
2026-04-06 20:41:01,285.0,3.0,35.0,0.6,1,42.0,0,0.0,2026-04-06,0.0,0.0
2026-04-06 20:46:01,285.0,0.0,41.0,0.0,1,49.199999999999996,0,0.0,2026-04-06,75.0,14.050000000000002
2026-04-06 20:51:02,281.0,-4.0,24.0,-0.8,0,0.0,0,0.0,2026-04-06,0.0,0.0
2026-04-06 20:56:02,282.0,1.0,20.0,0.2,0,0.0,0,0.0,2026-04-06,0.0,0.0
2026-04-06 21:01:02,281.0,-1.0,8.0,-0.2,0,0.0,0,0.0,2026-04-06,0.0,0.0
2026-04-06 21:06:02,275.0,-6.0,-7.0,-1.2,0,0.0,0,0.0,2026-04-06,0.0,0.0
2026-04-06 21:11:02,280.0,5.0,-5.0,1.0,0,0.0,0,0.0,2026-04-06,0.0,0.0
2026-04-06 21:16:02,282.0,2.0,-3.0,0.4,0,0.0,0,0.0,2026-04-06,0.0,0.0
2026-04-06 21:21:02,277.0,-5.0,-4.0,-1.0,0,0.0,0,0.0,2026-04-06,0.0,0.0
2026-04-06 21:26:02,272.0,-5.0,-10.0,-1.0,0,0.0,0,0.0,2026-04-06,0.0,0.0
2026-04-06 21:31:02,281.0,9.0,0.0,1.8,0,0.0,0,0.0,2026-04-06,0.0,0.0
2026-04-06 21:36:02,287.0,6.0,12.0,1.2,0,0.0,0,0.0,2026-04-06,0.0,0.0
2026-04-06 21:41:02,287.0,0.0,7.0,0.0,0,0.0,0,0.0,2026-04-06,0.0,0.0
2026-04-06 21:46:02,287.0,0.0,5.0,0.0,0,0.0,0,0.0,2026-04-06,0.0,0.0
2026-04-06 21:51:02,286.0,-1.0,9.0,-0.2,0,0.0,0,0.0,2026-04-06,0.0,0.0
2026-04-06 21:56:03,291.0,5.0,19.0,1.0,0,0.0,0,0.0,2026-04-06,0.0,0.0
2026-04-06 22:01:02,296.0,5.0,15.0,1.0,0,0.0,0,0.0,2026-04-06,0.0,0.0
2026-04-06 22:06:03,291.0,-5.0,4.0,-1.0,0,0.0,0,0.0,2026-04-06,0.0,0.0
2026-04-06 22:11:02,298.0,7.0,11.0,1.4,0,0.0,0,0.0,2026-04-06,0.0,0.0
2026-04-06 22:16:02,295.0,-3.0,8.0,-0.6,0,0.0,0,0.0,2026-04-06,0.0,0.0
2026-04-06 22:21:02,303.0,8.0,17.0,1.6,0,0.0,0,0.0,2026-04-06,0.0,0.0
2026-04-06 22:26:02,323.0,20.0,32.0,4.0,1,38.4,0,0.0,2026-04-06,0.0,0.0
2026-04-06 22:31:02,312.0,-11.0,16.0,-2.2,0,0.0,0,0.0,2026-04-06,0.0,0.0
2026-04-06 22:36:02,272.0,-40.0,-19.0,-8.0,0,0.0,0,0.0,2026-04-06,0.0,0.0
2026-04-06 22:41:03,251.0,-21.0,-47.0,-4.2,0,0.0,1,1.175,2026-04-06,0.0,0.0
2026-04-06 22:46:02,234.0,-17.0,-61.0,-3.4,0,0.0,1,1.525,2026-04-06,0.0,0.0
2026-04-06 22:51:02,212.0,-22.0,-91.0,-4.4,0,0.0,1,2.275,2026-04-06,0.0,0.0
2026-04-06 22:56:02,199.0,-13.0,-124.0,-2.6,0,0.0,1,3.1,2026-04-06,0.0,0.0
2026-04-06 23:01:03,182.0,-17.0,-130.0,-3.4,0,0.0,1,3.25,2026-04-06,0.0,0.0
2026-04-06 23:06:02,169.0,-13.0,-103.0,-2.6,0,0.0,1,2.575,2026-04-06,0.0,0.0
2026-04-06 23:11:03,158.0,-11.0,-93.0,-2.2,0,0.0,1,2.325,2026-04-06,0.0,0.0
2026-04-06 23:16:02,138.0,-20.0,-96.0,-4.0,0,0.0,1,2.4,2026-04-06,0.0,0.0
2026-04-06 23:21:03,135.0,-3.0,-77.0,-0.6,0,0.0,1,1.925,2026-04-06,0.0,0.0
2026-04-06 23:26:02,130.0,-5.0,-69.0,-1.0,0,0.0,1,1.725,2026-04-06,0.0,0.0
2026-04-06 23:31:02,130.0,0.0,-52.0,0.0,0,0.0,1,1.3,2026-04-06,0.0,0.0
2026-04-06 23:36:03,122.0,-8.0,-47.0,-1.6,0,0.0,1,1.175,2026-04-06,38.4,24.75
2026-04-06 23:41:02,134.0,12.0,-24.0,2.4,0,0.0,0,0.0,2026-04-06,0.0,0.0
2026-04-06 23:46:03,142.0,8.0,4.0,1.6,0,0.0,0,0.0,2026-04-06,0.0,0.0
2026-04-06 23:51:02,148.0,6.0,13.0,1.2,0,0.0,0,0.0,2026-04-06,0.0,0.0
2026-04-06 23:56:03,151.0,3.0,21.0,0.6,0,0.0,0,0.0,2026-04-06,0.0,0.0
2026-04-07 00:01:02,149.0,-2.0,19.0,-0.4,0,0.0,0,0.0,2026-04-07,0.0,0.0
2026-04-07 00:06:03,144.0,-5.0,22.0,-1.0,0,0.0,0,0.0,2026-04-07,0.0,0.0
2026-04-07 00:11:03,138.0,-6.0,4.0,-1.2,0,0.0,0,0.0,2026-04-07,0.0,0.0
2026-04-07 00:16:02,134.0,-4.0,-8.0,-0.8,0,0.0,0,0.0,2026-04-07,0.0,0.0
2026-04-07 00:21:03,135.0,1.0,-13.0,0.2,0,0.0,0,0.0,2026-04-07,0.0,0.0
2026-04-07 00:26:03,136.0,1.0,-15.0,0.2,0,0.0,0,0.0,2026-04-07,0.0,0.0
2026-04-07 00:31:02,130.0,-6.0,-19.0,-1.2,0,0.0,0,0.0,2026-04-07,0.0,0.0
2026-04-07 00:36:03,127.0,-3.0,-17.0,-0.6,0,0.0,0,0.0,2026-04-07,0.0,0.0
2026-04-07 00:41:02,127.0,0.0,-11.0,0.0,0,0.0,0,0.0,2026-04-07,0.0,0.0
2026-04-07 00:46:03,123.0,-4.0,-11.0,-0.8,0,0.0,0,0.0,2026-04-07,0.0,0.0
2026-04-07 00:51:03,117.0,-6.0,-18.0,-1.2,0,0.0,0,0.0,2026-04-07,0.0,0.0
2026-04-07 00:56:03,116.0,-1.0,-20.0,-0.2,0,0.0,0,0.0,2026-04-07,0.0,0.0
2026-04-07 01:01:03,111.0,-5.0,-19.0,-1.0,0,0.0,0,0.0,2026-04-07,0.0,0.0
2026-04-07 01:06:03,110.0,-1.0,-17.0,-0.2,0,0.0,0,0.0,2026-04-07,0.0,0.0
2026-04-07 01:11:03,108.0,-2.0,-19.0,-0.4,0,0.0,0,0.0,2026-04-07,0.0,0.0
2026-04-07 01:16:03,106.0,-2.0,-17.0,-0.4,0,0.0,0,0.0,2026-04-07,0.0,0.0
2026-04-07 01:21:03,91.0,-15.0,-26.0,-3.0,0,0.0,0,0.0,2026-04-07,0.0,0.0
2026-04-07 01:26:03,83.0,-8.0,-33.0,-1.6,0,0.0,1,0.825,2026-04-07,0.0,0.0
2026-04-07 01:31:03,80.0,-3.0,-31.0,-0.6,0,0.0,1,0.775,2026-04-07,0.0,0.0
2026-04-07 01:36:03,75.0,-5.0,-35.0,-1.0,0,0.0,1,0.875,2026-04-07,0.0,0.0
2026-04-07 01:41:03,72.0,-3.0,-36.0,-0.6,0,0.0,1,0.9,2026-04-07,0.0,0.0
2026-04-07 01:46:03,71.0,-1.0,-35.0,-0.2,0,0.0,1,0.875,2026-04-07,0.0,4.25
2026-04-07 01:51:03,69.0,-2.0,-22.0,-0.4,0,0.0,0,0.0,2026-04-07,0.0,0.0
2026-04-07 01:56:03,68.0,-1.0,-15.0,-0.2,0,0.0,0,0.0,2026-04-07,0.0,0.0
2026-04-07 02:01:03,67.0,-1.0,-13.0,-0.2,0,0.0,0,0.0,2026-04-07,0.0,0.0
2026-04-07 02:06:04,72.0,5.0,-3.0,1.0,0,0.0,0,0.0,2026-04-07,0.0,0.0
2026-04-07 02:11:03,89.0,17.0,17.0,3.4,0,0.0,0,0.0,2026-04-07,0.0,0.0
2026-04-07 02:16:03,84.0,-5.0,13.0,-1.0,0,0.0,0,0.0,2026-04-07,0.0,0.0
2026-04-07 02:21:03,77.0,-7.0,8.0,-1.4,0,0.0,0,0.0,2026-04-07,0.0,0.0
2026-04-07 02:26:03,75.0,-2.0,7.0,-0.4,0,0.0,0,0.0,2026-04-07,0.0,0.0
2026-04-07 02:31:03,73.0,-2.0,6.0,-0.4,0,0.0,0,0.0,2026-04-07,0.0,0.0
2026-04-07 02:36:03,71.0,-2.0,-1.0,-0.4,0,0.0,0,0.0,2026-04-07,0.0,0.0
2026-04-07 02:41:03,69.0,-2.0,-20.0,-0.4,0,0.0,0,0.0,2026-04-07,0.0,0.0
2026-04-07 02:46:03,68.0,-1.0,-16.0,-0.2,0,0.0,0,0.0,2026-04-07,0.0,0.0
2026-04-07 02:51:03,67.0,-1.0,-10.0,-0.2,0,0.0,0,0.0,2026-04-07,0.0,0.0
2026-04-07 02:56:03,66.0,-1.0,-9.0,-0.2,0,0.0,0,0.0,2026-04-07,0.0,0.0
2026-04-07 03:01:03,66.0,0.0,-7.0,0.0,0,0.0,0,0.0,2026-04-07,0.0,0.0
2026-04-07 03:06:03,65.0,-1.0,-6.0,-0.2,0,0.0,0,0.0,2026-04-07,0.0,0.0
2026-04-07 03:11:03,64.0,-1.0,-5.0,-0.2,0,0.0,0,0.0,2026-04-07,0.0,0.0
2026-04-07 03:16:03,64.0,0.0,-4.0,0.0,0,0.0,0,0.0,2026-04-07,0.0,0.0
2026-04-07 03:21:03,64.0,0.0,-3.0,0.0,0,0.0,0,0.0,2026-04-07,0.0,0.0
2026-04-07 03:26:04,63.0,-1.0,-3.0,-0.2,0,0.0,0,0.0,2026-04-07,0.0,0.0
2026-04-07 03:31:03,60.0,-3.0,-6.0,-0.6,0,0.0,0,0.0,2026-04-07,0.0,0.0
2026-04-07 03:36:03,59.0,-1.0,-6.0,-0.2,0,0.0,0,0.0,2026-04-07,0.0,0.0
2026-04-07 03:41:03,62.0,3.0,-2.0,0.6,0,0.0,0,0.0,2026-04-07,0.0,0.0
2026-04-07 03:46:03,62.0,0.0,-2.0,0.0,0,0.0,0,0.0,2026-04-07,0.0,0.0
2026-04-07 03:51:03,60.0,-2.0,-4.0,-0.4,0,0.0,0,0.0,2026-04-07,0.0,0.0
2026-04-07 03:56:03,60.0,0.0,-3.0,0.0,0,0.0,0,0.0,2026-04-07,0.0,0.0
2026-04-07 04:01:03,55.0,-5.0,-5.0,-1.0,0,0.0,0,0.0,2026-04-07,0.0,0.0
2026-04-07 04:06:04,57.0,2.0,-2.0,0.4,0,0.0,0,0.0,2026-04-07,0.0,0.0
2026-04-07 04:11:04,58.0,1.0,-4.0,0.2,0,0.0,0,0.0,2026-04-07,0.0,0.0
2026-04-07 04:16:03,59.0,1.0,-3.0,0.2,0,0.0,0,0.0,2026-04-07,0.0,0.0
2026-04-07 04:21:04,56.0,-3.0,-4.0,-0.6,0,0.0,0,0.0,2026-04-07,0.0,0.0
2026-04-07 04:26:04,58.0,2.0,-2.0,0.4,0,0.0,0,0.0,2026-04-07,0.0,0.0
2026-04-07 04:31:04,60.0,2.0,5.0,0.4,0,0.0,0,0.0,2026-04-07,0.0,0.0
2026-04-07 04:36:03,60.0,0.0,3.0,0.0,0,0.0,0,0.0,2026-04-07,0.0,0.0
2026-04-07 04:41:03,61.0,1.0,3.0,0.2,0,0.0,0,0.0,2026-04-07,0.0,0.0
2026-04-07 04:46:03,62.0,1.0,3.0,0.2,0,0.0,0,0.0,2026-04-07,0.0,0.0
2026-04-07 04:51:03,62.0,0.0,6.0,0.0,0,0.0,0,0.0,2026-04-07,0.0,0.0
2026-04-07 04:56:04,63.0,1.0,5.0,0.2,0,0.0,0,0.0,2026-04-07,0.0,0.0
2026-04-07 05:01:04,64.0,1.0,4.0,0.2,0,0.0,0,0.0,2026-04-07,0.0,0.0
2026-04-07 05:06:04,64.0,0.0,4.0,0.0,0,0.0,0,0.0,2026-04-07,0.0,0.0
2026-04-07 05:11:04,45.0,-19.0,-16.0,-3.8,0,0.0,0,0.0,2026-04-07,0.0,0.0
2026-04-07 05:16:04,43.0,-2.0,-19.0,-0.4,0,0.0,0,0.0,2026-04-07,0.0,0.0
2026-04-07 05:21:04,46.0,3.0,-16.0,0.6,0,0.0,0,0.0,2026-04-07,0.0,0.0
2026-04-07 05:26:04,54.0,8.0,-9.0,1.6,0,0.0,0,0.0,2026-04-07,0.0,0.0
2026-04-07 05:31:04,79.0,25.0,15.0,5.0,0,0.0,0,0.0,2026-04-07,0.0,0.0
2026-04-07 05:36:04,81.0,2.0,17.0,0.4,0,0.0,0,0.0,2026-04-07,0.0,0.0
2026-04-07 05:41:03,78.0,-3.0,33.0,-0.6,1,39.6,0,0.0,2026-04-07,0.0,0.0
2026-04-07 05:46:04,85.0,7.0,42.0,1.4,1,50.4,0,0.0,2026-04-07,0.0,0.0
2026-04-07 05:51:04,86.0,1.0,40.0,0.2,1,48.0,0,0.0,2026-04-07,0.0,0.0
2026-04-07 05:56:04,86.0,0.0,32.0,0.0,1,38.4,0,0.0,2026-04-07,0.0,0.0
2026-04-07 06:01:04,86.0,0.0,7.0,0.0,0,0.0,0,0.0,2026-04-07,0.0,0.0
2026-04-07 06:06:04,86.0,0.0,5.0,0.0,0,0.0,0,0.0,2026-04-07,0.0,0.0
2026-04-07 06:11:04,88.0,2.0,10.0,0.4,0,0.0,0,0.0,2026-04-07,0.0,0.0
2026-04-07 06:16:04,86.0,-2.0,1.0,-0.4,0,0.0,0,0.0,2026-04-07,0.0,0.0
2026-04-07 06:21:04,82.0,-4.0,-4.0,-0.8,0,0.0,0,0.0,2026-04-07,0.0,0.0
2026-04-07 06:26:04,83.0,1.0,-3.0,0.2,0,0.0,0,0.0,2026-04-07,0.0,0.0
2026-04-07 06:31:04,75.0,-8.0,-11.0,-1.6,0,0.0,0,0.0,2026-04-07,0.0,0.0
2026-04-07 06:36:04,65.0,-10.0,-21.0,-2.0,0,0.0,0,0.0,2026-04-07,0.0,0.0
2026-04-07 06:41:04,72.0,7.0,-16.0,1.4,0,0.0,0,0.0,2026-04-07,0.0,0.0
2026-04-07 06:46:04,75.0,3.0,-11.0,0.6,0,0.0,0,0.0,2026-04-07,0.0,0.0
2026-04-07 06:51:04,79.0,4.0,-3.0,0.8,0,0.0,0,0.0,2026-04-07,0.0,0.0
2026-04-07 06:56:04,83.0,4.0,0.0,0.8,0,0.0,0,0.0,2026-04-07,0.0,0.0
2026-04-07 07:01:04,100.0,17.0,25.0,3.4,0,0.0,0,0.0,2026-04-07,0.0,0.0
2026-04-07 07:06:04,111.0,11.0,46.0,2.2,1,55.199999999999996,0,0.0,2026-04-07,0.0,0.0
2026-04-07 07:11:04,110.0,-1.0,38.0,-0.2,1,45.6,0,0.0,2026-04-07,0.0,0.0
2026-04-07 07:16:04,113.0,3.0,38.0,0.6,1,45.6,0,0.0,2026-04-07,0.0,0.0
2026-04-07 07:21:04,118.0,5.0,39.0,1.0,1,46.8,0,0.0,2026-04-07,0.0,0.0
2026-04-07 07:26:04,123.0,5.0,40.0,1.0,1,48.0,0,0.0,2026-04-07,55.199999999999996,0.0
2026-04-07 07:31:04,128.0,5.0,28.0,1.0,0,0.0,0,0.0,2026-04-07,0.0,0.0
2026-04-07 07:36:04,132.0,4.0,21.0,0.8,0,0.0,0,0.0,2026-04-07,0.0,0.0
2026-04-07 07:41:04,133.0,1.0,23.0,0.2,0,0.0,0,0.0,2026-04-07,0.0,0.0
2026-04-07 07:46:04,135.0,2.0,22.0,0.4,0,0.0,0,0.0,2026-04-07,0.0,0.0
2026-04-07 07:51:04,144.0,9.0,26.0,1.8,0,0.0,0,0.0,2026-04-07,0.0,0.0
2026-04-07 07:56:04,148.0,4.0,25.0,0.8,0,0.0,0,0.0,2026-04-07,0.0,0.0
2026-04-07 08:01:04,150.0,2.0,22.0,0.4,0,0.0,0,0.0,2026-04-07,0.0,0.0
2026-04-07 08:06:05,152.0,2.0,20.0,0.4,0,0.0,0,0.0,2026-04-07,0.0,0.0
2026-04-07 08:11:04,153.0,1.0,20.0,0.2,0,0.0,0,0.0,2026-04-07,0.0,0.0
2026-04-07 08:16:04,154.0,1.0,19.0,0.2,0,0.0,0,0.0,2026-04-07,0.0,0.0
2026-04-07 08:21:05,153.0,-1.0,9.0,-0.2,0,0.0,0,0.0,2026-04-07,0.0,0.0
2026-04-07 08:26:05,150.0,-3.0,2.0,-0.6,0,0.0,0,0.0,2026-04-07,0.0,0.0
2026-04-07 08:31:04,131.0,-19.0,-19.0,-3.8,0,0.0,0,0.0,2026-04-07,0.0,0.0
2026-04-07 08:36:04,150.0,19.0,-2.0,3.8,0,0.0,0,0.0,2026-04-07,0.0,0.0
2026-04-07 08:41:04,156.0,6.0,3.0,1.2,0,0.0,0,0.0,2026-04-07,0.0,0.0
2026-04-07 08:46:04,157.0,1.0,3.0,0.2,0,0.0,0,0.0,2026-04-07,0.0,0.0
2026-04-07 08:51:04,163.0,6.0,10.0,1.2,0,0.0,0,0.0,2026-04-07,0.0,0.0
2026-04-07 08:56:04,164.0,1.0,14.0,0.2,0,0.0,0,0.0,2026-04-07,0.0,0.0
2026-04-07 09:01:04,167.0,3.0,36.0,0.6,1,43.199999999999996,0,0.0,2026-04-07,0.0,0.0
2026-04-07 09:06:04,158.0,-9.0,8.0,-1.8,0,0.0,0,0.0,2026-04-07,0.0,0.0
2026-04-07 09:11:05,166.0,8.0,10.0,1.6,0,0.0,0,0.0,2026-04-07,0.0,0.0
2026-04-07 09:16:04,169.0,3.0,12.0,0.6,0,0.0,0,0.0,2026-04-07,0.0,0.0
2026-04-07 09:21:05,178.0,9.0,15.0,1.8,0,0.0,0,0.0,2026-04-07,0.0,0.0
2026-04-07 09:26:05,189.0,11.0,25.0,2.2,0,0.0,0,0.0,2026-04-07,0.0,0.0
2026-04-07 09:31:04,209.0,20.0,42.0,4.0,1,50.4,0,0.0,2026-04-07,0.0,0.0
2026-04-07 09:36:05,239.0,30.0,81.0,6.0,1,97.2,0,0.0,2026-04-07,0.0,0.0
2026-04-07 09:41:04,268.0,29.0,102.0,5.8,1,122.39999999999999,0,0.0,2026-04-07,0.0,0.0
2026-04-07 09:46:05,290.0,22.0,121.0,4.4,1,145.2,0,0.0,2026-04-07,0.0,0.0
2026-04-07 09:51:05,308.0,18.0,130.0,3.6,1,156.0,0,0.0,2026-04-07,0.0,0.0
2026-04-07 09:56:04,325.0,17.0,136.0,3.4,1,163.2,0,0.0,2026-04-07,0.0,0.0
2026-04-07 10:01:05,328.0,3.0,119.0,0.6,1,142.79999999999998,0,0.0,2026-04-07,0.0,0.0
2026-04-07 10:06:05,338.0,10.0,99.0,2.0,1,118.8,0,0.0,2026-04-07,0.0,0.0
2026-04-07 10:11:04,346.0,8.0,78.0,1.6,1,93.6,0,0.0,2026-04-07,0.0,0.0
2026-04-07 10:16:05,363.0,17.0,73.0,3.4,1,87.6,0,0.0,2026-04-07,0.0,0.0
2026-04-07 10:21:04,362.0,-1.0,54.0,-0.2,1,64.8,0,0.0,2026-04-07,0.0,0.0
2026-04-07 10:26:05,369.0,7.0,44.0,1.4,1,52.8,0,0.0,2026-04-07,0.0,0.0
2026-04-07 10:31:05,370.0,1.0,42.0,0.2,1,50.4,0,0.0,2026-04-07,0.0,0.0
2026-04-07 10:36:05,367.0,-3.0,29.0,-0.6,0,0.0,0,0.0,2026-04-07,0.0,0.0
2026-04-07 10:41:05,355.0,-12.0,9.0,-2.4,0,0.0,0,0.0,2026-04-07,0.0,0.0
2026-04-07 10:46:05,343.0,-12.0,-20.0,-2.4,0,0.0,0,0.0,2026-04-07,0.0,0.0
2026-04-07 10:51:05,335.0,-8.0,-27.0,-1.6,0,0.0,0,0.0,2026-04-07,0.0,0.0
2026-04-07 10:56:05,322.0,-13.0,-47.0,-2.6,0,0.0,1,1.175,2026-04-07,0.0,0.0
2026-04-07 11:01:05,309.0,-13.0,-61.0,-2.6,0,0.0,1,1.525,2026-04-07,0.0,0.0
2026-04-07 11:06:05,300.0,-9.0,-67.0,-1.8,0,0.0,1,1.675,2026-04-07,0.0,0.0
2026-04-07 11:11:05,293.0,-7.0,-62.0,-1.4,0,0.0,1,1.55,2026-04-07,0.0,0.0
2026-04-07 11:16:04,286.0,-7.0,-57.0,-1.4,0,0.0,1,1.425,2026-04-07,0.0,0.0
2026-04-07 11:21:05,285.0,-1.0,-50.0,-0.2,0,0.0,1,1.25,2026-04-07,0.0,0.0
2026-04-07 11:26:05,282.0,-3.0,-40.0,-0.6,0,0.0,1,1.0,2026-04-07,0.0,0.0
2026-04-07 11:31:05,273.0,-9.0,-36.0,-1.8,0,0.0,1,0.9,2026-04-07,0.0,0.0
2026-04-07 11:36:05,266.0,-7.0,-34.0,-1.4,0,0.0,1,0.85,2026-04-07,0.0,0.0
2026-04-07 11:41:05,261.0,-5.0,-32.0,-1.0,0,0.0,1,0.8,2026-04-07,0.0,0.0
2026-04-07 11:46:05,256.0,-5.0,-30.0,-1.0,0,0.0,0,0.0,2026-04-07,0.0,0.0
2026-04-07 11:51:05,257.0,1.0,-28.0,0.2,0,0.0,0,0.0,2026-04-07,0.0,0.0
2026-04-07 11:56:05,250.0,-7.0,-32.0,-1.4,0,0.0,1,0.8,2026-04-07,0.0,0.0
2026-04-07 12:01:04,229.0,-21.0,-44.0,-4.2,0,0.0,1,1.1,2026-04-07,0.0,0.0
2026-04-07 12:06:04,218.0,-11.0,-48.0,-2.2,0,0.0,1,1.2,2026-04-07,0.0,0.0
2026-04-07 12:11:06,209.0,-9.0,-52.0,-1.8,0,0.0,1,1.3,2026-04-07,0.0,0.0
2026-04-07 12:16:05,200.0,-9.0,-56.0,-1.8,0,0.0,1,1.4,2026-04-07,0.0,0.0
2026-04-07 12:21:05,196.0,-4.0,-61.0,-0.8,0,0.0,1,1.525,2026-04-07,0.0,0.0
2026-04-07 12:26:05,188.0,-8.0,-62.0,-1.6,0,0.0,1,1.55,2026-04-07,0.0,0.0
2026-04-07 12:31:05,180.0,-8.0,-49.0,-1.6,0,0.0,1,1.225,2026-04-07,0.0,0.0
2026-04-07 12:36:05,175.0,-5.0,-43.0,-1.0,0,0.0,1,1.075,2026-04-07,0.0,0.0
2026-04-07 12:41:05,167.0,-8.0,-42.0,-1.6,0,0.0,1,1.05,2026-04-07,0.0,0.0
2026-04-07 12:46:05,163.0,-4.0,-37.0,-0.8,0,0.0,1,0.925,2026-04-07,0.0,0.0
2026-04-07 12:51:05,155.0,-8.0,-41.0,-1.6,0,0.0,1,1.025,2026-04-07,0.0,0.0
2026-04-07 12:56:05,150.0,-5.0,-38.0,-1.0,0,0.0,1,0.95,2026-04-07,0.0,0.0
2026-04-07 13:01:05,146.0,-4.0,-34.0,-0.8,0,0.0,1,0.85,2026-04-07,0.0,0.0
2026-04-07 13:06:05,139.0,-7.0,-36.0,-1.4,0,0.0,1,0.9,2026-04-07,0.0,0.0
2026-04-07 13:11:05,130.0,-9.0,-37.0,-1.8,0,0.0,1,0.925,2026-04-07,0.0,0.0
2026-04-07 13:16:06,124.0,-6.0,-39.0,-1.2,0,0.0,1,0.975,2026-04-07,0.0,0.0
2026-04-07 13:21:06,123.0,-1.0,-32.0,-0.2,0,0.0,1,0.8,2026-04-07,0.0,0.0
2026-04-07 13:26:05,126.0,3.0,-24.0,0.6,0,0.0,0,0.0,2026-04-07,0.0,0.0
2026-04-07 13:31:05,128.0,2.0,-18.0,0.4,0,0.0,0,0.0,2026-04-07,0.0,0.0
2026-04-07 13:36:05,130.0,2.0,-9.0,0.4,0,0.0,0,0.0,2026-04-07,0.0,0.0
2026-04-07 13:41:05,133.0,3.0,3.0,0.6,0,0.0,0,0.0,2026-04-07,0.0,0.0
2026-04-07 13:46:05,139.0,6.0,15.0,1.2,0,0.0,0,0.0,2026-04-07,0.0,0.0
2026-04-07 13:51:05,144.0,5.0,21.0,1.0,0,0.0,0,0.0,2026-04-07,0.0,0.0
2026-04-07 13:56:05,149.0,5.0,23.0,1.0,0,0.0,0,0.0,2026-04-07,0.0,0.0
2026-04-07 14:01:05,159.0,10.0,31.0,2.0,1,37.199999999999996,0,0.0,2026-04-07,0.0,0.0
2026-04-07 14:06:05,169.0,10.0,39.0,2.0,1,46.8,0,0.0,2026-04-07,0.0,0.0
2026-04-07 14:11:06,175.0,6.0,42.0,1.2,1,50.4,0,0.0,2026-04-07,0.0,0.0
2026-04-07 14:16:06,183.0,8.0,44.0,1.6,1,52.8,0,0.0,2026-04-07,0.0,0.0
2026-04-07 14:21:05,175.0,-8.0,31.0,-1.6,1,37.199999999999996,0,0.0,2026-04-07,0.0,0.0
2026-04-07 14:26:05,179.0,4.0,30.0,0.8,0,0.0,0,0.0,2026-04-07,0.0,0.0
2026-04-07 14:31:05,187.0,8.0,28.0,1.6,0,0.0,0,0.0,2026-04-07,0.0,0.0
2026-04-07 14:36:06,193.0,6.0,24.0,1.2,0,0.0,0,0.0,2026-04-07,0.0,0.0
2026-04-07 14:41:05,199.0,6.0,24.0,1.2,0,0.0,0,0.0,2026-04-07,0.0,0.0
2026-04-07 14:46:05,203.0,4.0,20.0,0.8,0,0.0,0,0.0,2026-04-07,0.0,0.0
2026-04-07 14:51:06,201.0,-2.0,26.0,-0.4,0,0.0,0,0.0,2026-04-07,0.0,0.0
2026-04-07 14:56:06,200.0,-1.0,21.0,-0.2,0,0.0,0,0.0,2026-04-07,0.0,0.0
2026-04-07 15:01:06,189.0,-11.0,2.0,-2.2,0,0.0,0,0.0,2026-04-07,0.0,0.0
2026-04-07 15:06:06,181.0,-8.0,-12.0,-1.6,0,0.0,0,0.0,2026-04-07,0.0,0.0
2026-04-07 15:11:06,175.0,-6.0,-24.0,-1.2,0,0.0,0,0.0,2026-04-07,0.0,0.0
2026-04-07 15:16:05,164.0,-11.0,-39.0,-2.2,0,0.0,1,0.975,2026-04-07,0.0,0.0
2026-04-07 15:21:05,159.0,-5.0,-42.0,-1.0,0,0.0,1,1.05,2026-04-07,0.0,0.0
2026-04-07 15:26:05,156.0,-3.0,-44.0,-0.6,0,0.0,1,1.1,2026-04-07,0.0,0.0
2026-04-07 15:31:06,149.0,-7.0,-40.0,-1.4,0,0.0,1,1.0,2026-04-07,0.0,0.0
2026-04-07 15:36:05,147.0,-2.0,-34.0,-0.4,0,0.0,1,0.85,2026-04-07,0.0,0.0
2026-04-07 15:41:06,149.0,2.0,-26.0,0.4,0,0.0,0,0.0,2026-04-07,0.0,0.0
2026-04-07 15:46:06,145.0,-4.0,-19.0,-0.8,0,0.0,0,0.0,2026-04-07,0.0,0.0
2026-04-07 15:51:05,141.0,-4.0,-18.0,-0.8,0,0.0,0,0.0,2026-04-07,0.0,0.0
2026-04-07 15:56:05,139.0,-2.0,-17.0,-0.4,0,0.0,0,0.0,2026-04-07,0.0,0.0
2026-04-07 16:01:06,138.0,-1.0,-11.0,-0.2,0,0.0,0,0.0,2026-04-07,0.0,0.0
2026-04-07 16:06:06,137.0,-1.0,-10.0,-0.2,0,0.0,0,0.0,2026-04-07,0.0,0.0
2026-04-07 16:11:06,137.0,0.0,-12.0,0.0,0,0.0,0,0.0,2026-04-07,0.0,0.0
2026-04-07 16:16:07,144.0,7.0,-1.0,1.4,0,0.0,0,0.0,2026-04-07,0.0,0.0
2026-04-07 16:21:06,153.0,9.0,12.0,1.8,0,0.0,0,0.0,2026-04-07,0.0,0.0
2026-04-07 16:26:06,155.0,2.0,16.0,0.4,0,0.0,0,0.0,2026-04-07,0.0,0.0
2026-04-07 16:31:06,164.0,9.0,26.0,1.8,0,0.0,0,0.0,2026-04-07,0.0,0.0
2026-04-07 16:36:06,172.0,8.0,35.0,1.6,1,42.0,0,0.0,2026-04-07,0.0,0.0
2026-04-07 16:41:06,181.0,9.0,44.0,1.8,1,52.8,0,0.0,2026-04-07,0.0,0.0
2026-04-07 16:46:06,186.0,5.0,42.0,1.0,1,50.4,0,0.0,2026-04-07,0.0,0.0
2026-04-07 16:51:06,188.0,2.0,35.0,0.4,1,42.0,0,0.0,2026-04-07,0.0,0.0
2026-04-07 16:56:06,181.0,-7.0,26.0,-1.4,0,0.0,0,0.0,2026-04-07,0.0,0.0
2026-04-07 17:01:06,178.0,-3.0,14.0,-0.6,0,0.0,0,0.0,2026-04-07,0.0,0.0
2026-04-07 17:06:06,192.0,14.0,20.0,2.8,0,0.0,0,0.0,2026-04-07,0.0,0.0
2026-04-07 17:11:06,189.0,-3.0,8.0,-0.6,0,0.0,0,0.0,2026-04-07,0.0,0.0
2026-04-07 17:16:06,182.0,-7.0,-4.0,-1.4,0,0.0,0,0.0,2026-04-07,0.0,0.0
2026-04-07 17:21:06,186.0,4.0,-2.0,0.8,0,0.0,0,0.0,2026-04-07,0.0,0.0
2026-04-07 17:26:06,190.0,4.0,9.0,0.8,0,0.0,0,0.0,2026-04-07,0.0,0.0
2026-04-07 17:31:06,195.0,5.0,17.0,1.0,0,0.0,0,0.0,2026-04-07,0.0,0.0
2026-04-07 17:36:06,208.0,13.0,16.0,2.6,0,0.0,0,0.0,2026-04-07,0.0,0.0
2026-04-07 17:41:06,229.0,21.0,40.0,4.2,1,48.0,0,0.0,2026-04-07,0.0,0.0
2026-04-07 17:46:06,234.0,5.0,52.0,1.0,1,62.4,0,0.0,2026-04-07,0.0,0.0
2026-04-07 17:51:06,250.0,16.0,64.0,3.2,1,76.8,0,0.0,2026-04-07,0.0,0.0
2026-04-07 17:56:07,262.0,12.0,72.0,2.4,1,86.39999999999999,0,0.0,2026-04-07,0.0,0.0
2026-04-07 18:01:06,262.0,0.0,67.0,0.0,1,80.39999999999999,0,0.0,2026-04-07,0.0,0.0
2026-04-07 18:06:06,261.0,-1.0,53.0,-0.2,1,63.599999999999994,0,0.0,2026-04-07,0.0,0.0
2026-04-07 18:11:06,261.0,0.0,32.0,0.0,1,38.4,0,0.0,2026-04-07,0.0,0.0
2026-04-07 18:16:07,262.0,1.0,28.0,0.2,0,0.0,0,0.0,2026-04-07,0.0,0.0
2026-04-07 18:21:06,264.0,2.0,14.0,0.4,0,0.0,0,0.0,2026-04-07,0.0,0.0
2026-04-07 18:26:06,268.0,4.0,6.0,0.8,0,0.0,0,0.0,2026-04-07,0.0,0.0
2026-04-07 18:31:06,268.0,0.0,6.0,0.0,0,0.0,0,0.0,2026-04-07,0.0,0.0
2026-04-07 18:36:06,265.0,-3.0,4.0,-0.6,0,0.0,0,0.0,2026-04-07,0.0,0.0
2026-04-07 18:41:06,263.0,-2.0,2.0,-0.4,0,0.0,0,0.0,2026-04-07,0.0,0.0
2026-04-07 18:46:06,258.0,-5.0,-4.0,-1.0,0,0.0,0,0.0,2026-04-07,0.0,0.0
2026-04-07 18:51:06,247.0,-11.0,-17.0,-2.2,0,0.0,0,0.0,2026-04-07,0.0,0.0
2026-04-07 18:56:07,237.0,-10.0,-31.0,-2.0,0,0.0,1,0.775,2026-04-07,0.0,0.0
2026-04-07 19:01:06,226.0,-11.0,-42.0,-2.2,0,0.0,1,1.05,2026-04-07,0.0,0.0
2026-04-07 19:06:06,217.0,-9.0,-48.0,-1.8,0,0.0,1,1.2,2026-04-07,0.0,0.0
2026-04-07 19:11:07,209.0,-8.0,-54.0,-1.6,0,0.0,1,1.35,2026-04-07,0.0,0.0
2026-04-07 19:16:07,203.0,-6.0,-55.0,-1.2,0,0.0,1,1.375,2026-04-07,0.0,0.0
2026-04-07 19:21:07,197.0,-6.0,-50.0,-1.2,0,0.0,1,1.25,2026-04-07,0.0,0.0
2026-04-07 19:26:06,192.0,-5.0,-45.0,-1.0,0,0.0,1,1.125,2026-04-07,0.0,0.0
2026-04-07 19:31:07,178.0,-14.0,-48.0,-2.8,0,0.0,1,1.2,2026-04-07,0.0,0.0
2026-04-07 19:36:07,168.0,-10.0,-49.0,-2.0,0,0.0,1,1.225,2026-04-07,0.0,0.0
2026-04-07 19:41:07,163.0,-5.0,-46.0,-1.0,0,0.0,1,1.15,2026-04-07,0.0,0.0
2026-04-07 19:46:06,158.0,-5.0,-45.0,-1.0,0,0.0,1,1.125,2026-04-07,0.0,0.0
2026-04-07 19:51:07,158.0,0.0,-39.0,0.0,0,0.0,1,0.975,2026-04-07,0.0,0.0
2026-04-07 19:56:07,159.0,1.0,-33.0,0.2,0,0.0,1,0.825,2026-04-07,75.0,51.32500000000001
2026-04-07 20:01:07,161.0,2.0,-17.0,0.4,0,0.0,0,0.0,2026-04-07,0.0,0.0
2026-04-07 20:06:06,158.0,-3.0,-10.0,-0.6,0,0.0,0,0.0,2026-04-07,0.0,0.0
2026-04-07 20:11:06,153.0,-5.0,-10.0,-1.0,0,0.0,0,0.0,2026-04-07,0.0,0.0
2026-04-07 20:16:07,154.0,1.0,-4.0,0.2,0,0.0,0,0.0,2026-04-07,0.0,0.0
2026-04-07 20:21:07,159.0,5.0,1.0,1.0,0,0.0,0,0.0,2026-04-07,0.0,0.0
2026-04-07 20:26:07,162.0,3.0,3.0,0.6,0,0.0,0,0.0,2026-04-07,0.0,0.0
2026-04-07 20:31:06,164.0,2.0,3.0,0.4,0,0.0,0,0.0,2026-04-07,0.0,0.0
2026-04-07 20:36:07,168.0,4.0,10.0,0.8,0,0.0,0,0.0,2026-04-07,0.0,0.0
2026-04-07 20:41:07,171.0,3.0,18.0,0.6,0,0.0,0,0.0,2026-04-07,0.0,0.0
2026-04-07 20:46:06,178.0,7.0,24.0,1.4,0,0.0,0,0.0,2026-04-07,0.0,0.0
2026-04-07 20:51:07,185.0,7.0,26.0,1.4,0,0.0,0,0.0,2026-04-07,0.0,0.0
2026-04-07 20:56:07,189.0,4.0,27.0,0.8,0,0.0,0,0.0,2026-04-07,0.0,0.0
2026-04-07 21:01:07,193.0,4.0,29.0,0.8,0,0.0,0,0.0,2026-04-07,0.0,0.0
2026-04-07 21:06:07,195.0,2.0,27.0,0.4,0,0.0,0,0.0,2026-04-07,0.0,0.0
2026-04-07 21:11:07,198.0,3.0,27.0,0.6,0,0.0,0,0.0,2026-04-07,0.0,0.0
2026-04-07 21:16:06,196.0,-2.0,18.0,-0.4,0,0.0,0,0.0,2026-04-07,0.0,0.0
2026-04-07 21:21:06,191.0,-5.0,6.0,-1.0,0,0.0,0,0.0,2026-04-07,0.0,0.0
2026-04-07 21:26:07,186.0,-5.0,-3.0,-1.0,0,0.0,0,0.0,2026-04-07,0.0,0.0
2026-04-07 21:31:07,180.0,-6.0,-13.0,-1.2,0,0.0,0,0.0,2026-04-07,0.0,0.0
2026-04-07 21:36:06,172.0,-8.0,-23.0,-1.6,0,0.0,0,0.0,2026-04-07,0.0,0.0
2026-04-07 21:41:07,166.0,-6.0,-32.0,-1.2,0,0.0,1,0.8,2026-04-07,0.0,0.0
2026-04-07 21:46:07,159.0,-7.0,-37.0,-1.4,0,0.0,1,0.925,2026-04-07,0.0,0.0
2026-04-07 21:51:07,152.0,-7.0,-39.0,-1.4,0,0.0,1,0.975,2026-04-07,0.0,0.0
2026-04-07 21:56:06,147.0,-5.0,-39.0,-1.0,0,0.0,1,0.975,2026-04-07,0.0,0.0
2026-04-07 22:01:06,143.0,-4.0,-37.0,-0.8,0,0.0,1,0.925,2026-04-07,0.0,0.0
2026-04-07 22:06:07,140.0,-3.0,-32.0,-0.6,0,0.0,1,0.8,2026-04-07,0.0,0.0
2026-04-07 22:11:07,134.0,-6.0,-32.0,-1.2,0,0.0,1,0.8,2026-04-07,0.0,0.0
2026-04-07 22:16:07,129.0,-5.0,-30.0,-1.0,0,0.0,0,0.0,2026-04-07,0.0,0.0
2026-04-07 22:21:07,125.0,-4.0,-27.0,-0.8,0,0.0,0,0.0,2026-04-07,0.0,0.0
2026-04-07 22:26:09,120.0,-5.0,-27.0,-1.0,0,0.0,0,0.0,2026-04-07,0.0,0.0
2026-04-07 22:31:07,116.0,-4.0,-27.0,-0.8,0,0.0,0,0.0,2026-04-07,0.0,0.0
2026-04-07 22:36:07,112.0,-4.0,-28.0,-0.8,0,0.0,0,0.0,2026-04-07,0.0,0.0
2026-04-07 22:41:07,112.0,0.0,-22.0,0.0,0,0.0,0,0.0,2026-04-07,0.0,0.0
2026-04-07 22:46:07,105.0,-7.0,-24.0,-1.4,0,0.0,0,0.0,2026-04-07,0.0,0.0
2026-04-07 22:51:07,100.0,-5.0,-25.0,-1.0,0,0.0,0,0.0,2026-04-07,0.0,0.0
2026-04-07 22:56:07,115.0,15.0,-5.0,3.0,0,0.0,0,0.0,2026-04-07,0.0,0.0
2026-04-07 23:01:07,113.0,-2.0,-3.0,-0.4,0,0.0,0,0.0,2026-04-07,0.0,0.0
2026-04-07 23:06:07,89.0,-24.0,-23.0,-4.8,0,0.0,0,0.0,2026-04-07,0.0,0.0
2026-04-07 23:11:07,87.0,-2.0,-25.0,-0.4,0,0.0,0,0.0,2026-04-07,0.0,0.0
2026-04-07 23:16:08,86.0,-1.0,-19.0,-0.2,0,0.0,0,0.0,2026-04-07,0.0,0.0
2026-04-07 23:21:08,83.0,-3.0,-17.0,-0.6,0,0.0,0,0.0,2026-04-07,0.0,0.0
2026-04-07 23:26:07,82.0,-1.0,-33.0,-0.2,0,0.0,1,0.825,2026-04-07,0.0,0.0
2026-04-07 23:31:07,79.0,-3.0,-34.0,-0.6,0,0.0,1,0.85,2026-04-07,0.0,7.875
2026-04-07 23:36:07,75.0,-4.0,-14.0,-0.8,0,0.0,0,0.0,2026-04-07,0.0,0.0
2026-04-07 23:41:07,72.0,-3.0,-15.0,-0.6,0,0.0,0,0.0,2026-04-07,0.0,0.0
2026-04-07 23:46:07,71.0,-1.0,-15.0,-0.2,0,0.0,0,0.0,2026-04-07,0.0,0.0
2026-04-07 23:51:07,68.0,-3.0,-15.0,-0.6,0,0.0,0,0.0,2026-04-07,0.0,0.0
2026-04-07 23:56:07,66.0,-2.0,-16.0,-0.4,0,0.0,0,0.0,2026-04-07,0.0,0.0
2026-04-08 00:01:07,68.0,2.0,-11.0,0.4,0,0.0,0,0.0,2026-04-08,0.0,0.0
2026-04-08 00:06:07,66.0,-2.0,-9.0,-0.4,0,0.0,0,0.0,2026-04-08,0.0,0.0
2026-04-08 00:11:07,67.0,1.0,-5.0,0.2,0,0.0,0,0.0,2026-04-08,0.0,0.0
2026-04-08 00:16:07,68.0,1.0,-3.0,0.2,0,0.0,0,0.0,2026-04-08,0.0,0.0
2026-04-08 00:21:08,72.0,4.0,4.0,0.8,0,0.0,0,0.0,2026-04-08,0.0,0.0
2026-04-08 00:26:07,68.0,-4.0,2.0,-0.8,0,0.0,0,0.0,2026-04-08,0.0,0.0
2026-04-08 00:31:07,83.0,15.0,15.0,3.0,0,0.0,0,0.0,2026-04-08,0.0,0.0
2026-04-08 00:36:08,105.0,22.0,39.0,4.4,1,46.8,0,0.0,2026-04-08,0.0,0.0
2026-04-08 00:41:07,109.0,4.0,42.0,0.8,1,50.4,0,0.0,2026-04-08,0.0,0.0
2026-04-08 00:46:08,91.0,-18.0,23.0,-3.6,0,0.0,0,0.0,2026-04-08,0.0,0.0
2026-04-08 00:51:08,93.0,2.0,21.0,0.4,0,0.0,0,0.0,2026-04-08,0.0,0.0
2026-04-08 00:56:08,100.0,7.0,32.0,1.4,1,38.4,0,0.0,2026-04-08,0.0,0.0
2026-04-08 01:01:08,104.0,4.0,21.0,0.8,0,0.0,0,0.0,2026-04-08,0.0,0.0
2026-04-08 01:06:08,111.0,7.0,6.0,1.4,0,0.0,0,0.0,2026-04-08,0.0,0.0
2026-04-08 01:11:08,117.0,6.0,8.0,1.2,0,0.0,0,0.0,2026-04-08,0.0,0.0
2026-04-08 01:16:08,121.0,4.0,30.0,0.8,0,0.0,0,0.0,2026-04-08,0.0,0.0
2026-04-08 01:21:08,126.0,5.0,33.0,1.0,1,39.6,0,0.0,2026-04-08,0.0,0.0
2026-04-08 01:26:08,132.0,6.0,32.0,1.2,1,38.4,0,0.0,2026-04-08,0.0,0.0
2026-04-08 01:31:07,138.0,6.0,34.0,1.2,1,40.8,0,0.0,2026-04-08,0.0,0.0
2026-04-08 01:36:08,146.0,8.0,35.0,1.6,1,42.0,0,0.0,2026-04-08,0.0,0.0
2026-04-08 01:41:07,154.0,8.0,37.0,1.6,1,44.4,0,0.0,2026-04-08,0.0,0.0
2026-04-08 01:46:08,176.0,22.0,55.0,4.4,1,66.0,0,0.0,2026-04-08,0.0,0.0
2026-04-08 01:51:08,180.0,4.0,54.0,0.8,1,64.8,0,0.0,2026-04-08,0.0,0.0
2026-04-08 01:56:08,180.0,0.0,48.0,0.0,1,57.599999999999994,0,0.0,2026-04-08,0.0,0.0
2026-04-08 02:01:08,189.0,9.0,51.0,1.8,1,61.199999999999996,0,0.0,2026-04-08,0.0,0.0
2026-04-08 02:06:08,195.0,6.0,49.0,1.2,1,58.8,0,0.0,2026-04-08,0.0,0.0
2026-04-08 02:11:08,196.0,1.0,42.0,0.2,1,50.4,0,0.0,2026-04-08,66.0,0.0
2026-04-08 02:16:08,198.0,2.0,22.0,0.4,0,0.0,0,0.0,2026-04-08,0.0,0.0
2026-04-08 02:21:08,200.0,2.0,20.0,0.4,0,0.0,0,0.0,2026-04-08,0.0,0.0
2026-04-08 02:26:08,203.0,3.0,23.0,0.6,0,0.0,0,0.0,2026-04-08,0.0,0.0
2026-04-08 02:31:08,205.0,2.0,16.0,0.4,0,0.0,0,0.0,2026-04-08,0.0,0.0
2026-04-08 02:36:08,207.0,2.0,12.0,0.4,0,0.0,0,0.0,2026-04-08,0.0,0.0
2026-04-08 02:41:07,189.0,-18.0,-7.0,-3.6,0,0.0,0,0.0,2026-04-08,0.0,0.0
2026-04-08 02:46:08,178.0,-11.0,-20.0,-2.2,0,0.0,0,0.0,2026-04-08,0.0,0.0
2026-04-08 02:51:08,188.0,10.0,-12.0,2.0,0,0.0,0,0.0,2026-04-08,0.0,0.0
2026-04-08 02:56:08,213.0,25.0,10.0,5.0,0,0.0,0,0.0,2026-04-08,0.0,0.0
2026-04-08 03:01:08,213.0,0.0,8.0,0.0,0,0.0,0,0.0,2026-04-08,0.0,0.0
2026-04-08 03:06:08,207.0,-6.0,0.0,-1.2,0,0.0,0,0.0,2026-04-08,0.0,0.0
2026-04-08 03:11:08,204.0,-3.0,15.0,-0.6,0,0.0,0,0.0,2026-04-08,0.0,0.0
2026-04-08 03:16:08,206.0,2.0,28.0,0.4,0,0.0,0,0.0,2026-04-08,0.0,0.0
2026-04-08 03:21:08,211.0,5.0,23.0,1.0,0,0.0,0,0.0,2026-04-08,0.0,0.0
2026-04-08 03:26:08,208.0,-3.0,-5.0,-0.6,0,0.0,0,0.0,2026-04-08,0.0,0.0
2026-04-08 03:31:08,203.0,-5.0,-10.0,-1.0,0,0.0,0,0.0,2026-04-08,0.0,0.0
2026-04-08 03:36:08,202.0,-1.0,-5.0,-0.2,0,0.0,0,0.0,2026-04-08,0.0,0.0
2026-04-08 03:41:08,193.0,-9.0,-11.0,-1.8,0,0.0,0,0.0,2026-04-08,0.0,0.0
2026-04-08 03:46:08,193.0,0.0,-13.0,0.0,0,0.0,0,0.0,2026-04-08,0.0,0.0
2026-04-08 03:51:08,194.0,1.0,-17.0,0.2,0,0.0,0,0.0,2026-04-08,0.0,0.0
2026-04-08 03:56:08,195.0,1.0,-13.0,0.2,0,0.0,0,0.0,2026-04-08,0.0,0.0
2026-04-08 04:01:08,193.0,-2.0,-10.0,-0.4,0,0.0,0,0.0,2026-04-08,0.0,0.0
2026-04-08 04:06:08,190.0,-3.0,-12.0,-0.6,0,0.0,0,0.0,2026-04-08,0.0,0.0
2026-04-08 04:11:08,165.0,-25.0,-28.0,-5.0,0,0.0,0,0.0,2026-04-08,0.0,0.0
2026-04-08 04:16:08,160.0,-5.0,-33.0,-1.0,0,0.0,1,0.825,2026-04-08,0.0,0.0
2026-04-08 04:21:08,165.0,5.0,-29.0,1.0,0,0.0,0,0.0,2026-04-08,0.0,0.0
2026-04-08 04:26:09,168.0,3.0,-27.0,0.6,0,0.0,0,0.0,2026-04-08,0.0,0.0
2026-04-08 04:31:10,171.0,3.0,-22.0,0.6,0,0.0,0,0.0,2026-04-08,0.0,0.0
2026-04-08 04:36:08,174.0,3.0,-16.0,0.6,0,0.0,0,0.0,2026-04-08,0.0,0.0
2026-04-08 04:41:08,174.0,0.0,9.0,0.0,0,0.0,0,0.0,2026-04-08,0.0,0.0
2026-04-08 04:46:08,178.0,4.0,18.0,0.8,0,0.0,0,0.0,2026-04-08,0.0,0.0
2026-04-08 04:51:08,181.0,3.0,16.0,0.6,0,0.0,0,0.0,2026-04-08,0.0,0.0
2026-04-08 04:56:08,183.0,2.0,15.0,0.4,0,0.0,0,0.0,2026-04-08,0.0,0.0
2026-04-08 05:01:09,187.0,4.0,16.0,0.8,0,0.0,0,0.0,2026-04-08,0.0,0.0
2026-04-08 05:06:08,205.0,18.0,31.0,3.6,1,37.199999999999996,0,0.0,2026-04-08,0.0,0.0
2026-04-08 05:11:09,223.0,18.0,49.0,3.6,1,58.8,0,0.0,2026-04-08,0.0,0.0
2026-04-08 05:16:09,217.0,-6.0,39.0,-1.2,1,46.8,0,0.0,2026-04-08,0.0,0.0
2026-04-08 05:21:08,219.0,2.0,38.0,0.4,1,45.6,0,0.0,2026-04-08,0.0,0.0
2026-04-08 05:26:08,219.0,0.0,36.0,0.0,1,43.199999999999996,0,0.0,2026-04-08,0.0,0.0
2026-04-08 05:31:08,223.0,4.0,36.0,0.8,1,43.199999999999996,0,0.0,2026-04-08,58.8,0.825
2026-04-08 05:36:09,227.0,4.0,22.0,0.8,0,0.0,0,0.0,2026-04-08,0.0,0.0
2026-04-08 05:41:08,225.0,-2.0,2.0,-0.4,0,0.0,0,0.0,2026-04-08,0.0,0.0
2026-04-08 05:46:08,230.0,5.0,13.0,1.0,0,0.0,0,0.0,2026-04-08,0.0,0.0
2026-04-08 05:51:08,230.0,0.0,11.0,0.0,0,0.0,0,0.0,2026-04-08,0.0,0.0
2026-04-08 05:56:08,231.0,1.0,12.0,0.2,0,0.0,0,0.0,2026-04-08,0.0,0.0
2026-04-08 06:01:08,231.0,0.0,8.0,0.0,0,0.0,0,0.0,2026-04-08,0.0,0.0
2026-04-08 06:06:09,232.0,1.0,5.0,0.2,0,0.0,0,0.0,2026-04-08,0.0,0.0
2026-04-08 06:11:08,235.0,3.0,10.0,0.6,0,0.0,0,0.0,2026-04-08,0.0,0.0
2026-04-08 06:16:09,234.0,-1.0,4.0,-0.2,0,0.0,0,0.0,2026-04-08,0.0,0.0
2026-04-08 06:21:08,233.0,-1.0,3.0,-0.2,0,0.0,0,0.0,2026-04-08,0.0,0.0
2026-04-08 06:26:09,233.0,0.0,2.0,0.0,0,0.0,0,0.0,2026-04-08,0.0,0.0
2026-04-08 06:31:09,235.0,2.0,4.0,0.4,0,0.0,0,0.0,2026-04-08,0.0,0.0
2026-04-08 06:36:09,235.0,0.0,3.0,0.0,0,0.0,0,0.0,2026-04-08,0.0,0.0
2026-04-08 06:41:08,236.0,1.0,1.0,0.2,0,0.0,0,0.0,2026-04-08,0.0,0.0
2026-04-08 06:46:08,236.0,0.0,2.0,0.0,0,0.0,0,0.0,2026-04-08,0.0,0.0
2026-04-08 06:51:09,236.0,0.0,3.0,0.0,0,0.0,0,0.0,2026-04-08,0.0,0.0
2026-04-08 06:56:08,235.0,-1.0,2.0,-0.2,0,0.0,0,0.0,2026-04-08,0.0,0.0
2026-04-08 07:01:09,236.0,1.0,1.0,0.2,0,0.0,0,0.0,2026-04-08,0.0,0.0
2026-04-08 07:06:09,238.0,2.0,3.0,0.4,0,0.0,0,0.0,2026-04-08,0.0,0.0
2026-04-08 07:11:09,234.0,-4.0,-2.0,-0.8,0,0.0,0,0.0,2026-04-08,0.0,0.0
2026-04-08 07:16:09,234.0,0.0,-2.0,0.0,0,0.0,0,0.0,2026-04-08,0.0,0.0
2026-04-08 07:21:09,234.0,0.0,-2.0,0.0,0,0.0,0,0.0,2026-04-08,0.0,0.0
2026-04-08 07:26:09,234.0,0.0,-1.0,0.0,0,0.0,0,0.0,2026-04-08,0.0,0.0
2026-04-08 07:31:09,235.0,1.0,-1.0,0.2,0,0.0,0,0.0,2026-04-08,0.0,0.0
2026-04-08 07:36:09,236.0,1.0,-2.0,0.2,0,0.0,0,0.0,2026-04-08,0.0,0.0
2026-04-08 07:41:09,236.0,0.0,2.0,0.0,0,0.0,0,0.0,2026-04-08,0.0,0.0
2026-04-08 07:46:09,238.0,2.0,4.0,0.4,0,0.0,0,0.0,2026-04-08,0.0,0.0
2026-04-08 07:51:09,238.0,0.0,4.0,0.0,0,0.0,0,0.0,2026-04-08,0.0,0.0
2026-04-08 07:56:09,237.0,-1.0,3.0,-0.2,0,0.0,0,0.0,2026-04-08,0.0,0.0
2026-04-08 08:01:09,239.0,2.0,4.0,0.4,0,0.0,0,0.0,2026-04-08,0.0,0.0
2026-04-08 08:06:09,240.0,1.0,4.0,0.2,0,0.0,0,0.0,2026-04-08,0.0,0.0
2026-04-08 08:11:08,240.0,0.0,4.0,0.0,0,0.0,0,0.0,2026-04-08,0.0,0.0
2026-04-08 08:16:09,222.0,-18.0,-16.0,-3.6,0,0.0,0,0.0,2026-04-08,0.0,0.0
2026-04-08 08:21:09,230.0,8.0,-8.0,1.6,0,0.0,0,0.0,2026-04-08,0.0,0.0
2026-04-08 08:26:09,244.0,14.0,7.0,2.8,0,0.0,0,0.0,2026-04-08,0.0,0.0
2026-04-08 08:31:09,248.0,4.0,9.0,0.8,0,0.0,0,0.0,2026-04-08,0.0,0.0
2026-04-08 08:36:09,251.0,3.0,11.0,0.6,0,0.0,0,0.0,2026-04-08,0.0,0.0
2026-04-08 08:41:09,247.0,-4.0,7.0,-0.8,0,0.0,0,0.0,2026-04-08,0.0,0.0
2026-04-08 08:46:09,250.0,3.0,28.0,0.6,0,0.0,0,0.0,2026-04-08,0.0,0.0
2026-04-08 08:51:09,260.0,10.0,30.0,2.0,0,0.0,0,0.0,2026-04-08,0.0,0.0
2026-04-08 08:56:09,257.0,-3.0,13.0,-0.6,0,0.0,0,0.0,2026-04-08,0.0,0.0
2026-04-08 09:01:09,255.0,-2.0,7.0,-0.4,0,0.0,0,0.0,2026-04-08,0.0,0.0
2026-04-08 09:06:09,246.0,-9.0,-5.0,-1.8,0,0.0,0,0.0,2026-04-08,0.0,0.0
2026-04-08 09:11:09,245.0,-1.0,-2.0,-0.2,0,0.0,0,0.0,2026-04-08,0.0,0.0
2026-04-08 09:16:09,257.0,12.0,7.0,2.4,0,0.0,0,0.0,2026-04-08,0.0,0.0
2026-04-08 09:21:09,256.0,-1.0,-4.0,-0.2,0,0.0,0,0.0,2026-04-08,0.0,0.0
2026-04-08 09:26:09,268.0,12.0,11.0,2.4,0,0.0,0,0.0,2026-04-08,0.0,0.0
2026-04-08 09:31:09,265.0,-3.0,10.0,-0.6,0,0.0,0,0.0,2026-04-08,0.0,0.0
2026-04-08 09:36:09,270.0,5.0,24.0,1.0,0,0.0,0,0.0,2026-04-08,0.0,0.0
2026-04-08 09:41:09,277.0,7.0,32.0,1.4,1,38.4,0,0.0,2026-04-08,0.0,0.0
2026-04-08 09:46:09,309.0,32.0,52.0,6.4,1,62.4,0,0.0,2026-04-08,0.0,0.0
2026-04-08 09:51:09,343.0,34.0,87.0,6.8,1,104.39999999999999,0,0.0,2026-04-08,0.0,0.0
2026-04-08 09:56:09,347.0,4.0,79.0,0.8,1,94.8,0,0.0,2026-04-08,0.0,0.0
2026-04-08 10:01:09,355.0,8.0,90.0,1.6,1,108.0,0,0.0,2026-04-08,0.0,0.0
2026-04-08 10:06:09,365.0,10.0,95.0,2.0,1,114.0,0,0.0,2026-04-08,0.0,0.0
2026-04-08 10:11:09,373.0,8.0,96.0,1.6,1,115.19999999999999,0,0.0,2026-04-08,0.0,0.0
2026-04-08 10:16:09,361.0,-12.0,52.0,-2.4,1,62.4,0,0.0,2026-04-08,0.0,0.0
2026-04-08 10:21:09,338.0,-23.0,-5.0,-4.6,0,0.0,0,0.0,2026-04-08,0.0,0.0
2026-04-08 10:26:10,325.0,-13.0,-22.0,-2.6,0,0.0,0,0.0,2026-04-08,0.0,0.0
2026-04-08 10:31:10,315.0,-10.0,-40.0,-2.0,0,0.0,1,1.0,2026-04-08,0.0,0.0
2026-04-08 10:36:10,305.0,-10.0,-60.0,-2.0,0,0.0,1,1.5,2026-04-08,0.0,0.0
2026-04-08 10:41:10,297.0,-8.0,-76.0,-1.6,0,0.0,1,1.9,2026-04-08,0.0,0.0
2026-04-08 10:46:10,293.0,-4.0,-68.0,-0.8,0,0.0,1,1.7,2026-04-08,0.0,0.0
2026-04-08 10:51:09,290.0,-3.0,-48.0,-0.6,0,0.0,1,1.2,2026-04-08,0.0,0.0
2026-04-08 10:56:10,282.0,-8.0,-43.0,-1.6,0,0.0,1,1.075,2026-04-08,0.0,0.0
2026-04-08 11:01:10,276.0,-6.0,-39.0,-1.2,0,0.0,1,0.975,2026-04-08,0.0,0.0
2026-04-08 11:06:10,268.0,-8.0,-37.0,-1.6,0,0.0,1,0.925,2026-04-08,0.0,0.0
2026-04-08 11:11:09,267.0,-1.0,-30.0,-0.2,0,0.0,0,0.0,2026-04-08,0.0,0.0
2026-04-08 11:16:09,268.0,1.0,-25.0,0.2,0,0.0,0,0.0,2026-04-08,0.0,0.0
2026-04-08 11:21:10,263.0,-5.0,-27.0,-1.0,0,0.0,0,0.0,2026-04-08,0.0,0.0
2026-04-08 11:26:10,253.0,-10.0,-29.0,-2.0,0,0.0,0,0.0,2026-04-08,0.0,0.0
2026-04-08 11:31:09,245.0,-8.0,-31.0,-1.6,0,0.0,1,0.775,2026-04-08,0.0,0.0
2026-04-08 11:36:10,235.0,-10.0,-33.0,-2.0,0,0.0,1,0.825,2026-04-08,0.0,0.0
2026-04-08 11:41:10,231.0,-4.0,-36.0,-0.8,0,0.0,1,0.9,2026-04-08,0.0,0.0
2026-04-08 11:46:09,228.0,-3.0,-40.0,-0.6,0,0.0,1,1.0,2026-04-08,0.0,0.0
2026-04-08 11:51:09,225.0,-3.0,-38.0,-0.6,0,0.0,1,0.95,2026-04-08,0.0,0.0
2026-04-08 11:56:09,224.0,-1.0,-29.0,-0.2,0,0.0,0,0.0,2026-04-08,0.0,0.0
2026-04-08 12:01:11,213.0,-11.0,-32.0,-2.2,0,0.0,1,0.8,2026-04-08,0.0,0.0
2026-04-08 12:06:10,207.0,-6.0,-28.0,-1.2,0,0.0,0,0.0,2026-04-08,0.0,0.0
2026-04-08 12:11:10,201.0,-6.0,-30.0,-1.2,0,0.0,0,0.0,2026-04-08,0.0,0.0
2026-04-08 12:16:10,193.0,-8.0,-35.0,-1.6,0,0.0,1,0.875,2026-04-08,0.0,0.0
2026-04-08 12:21:10,196.0,3.0,-29.0,0.6,0,0.0,0,0.0,2026-04-08,0.0,0.0
2026-04-08 12:26:10,203.0,7.0,-21.0,1.4,0,0.0,0,0.0,2026-04-08,0.0,0.0
2026-04-08 12:31:10,210.0,7.0,-3.0,1.4,0,0.0,0,0.0,2026-04-08,0.0,0.0
2026-04-08 12:36:11,216.0,6.0,9.0,1.2,0,0.0,0,0.0,2026-04-08,0.0,0.0
2026-04-08 12:41:09,224.0,8.0,23.0,1.6,0,0.0,0,0.0,2026-04-08,0.0,0.0
2026-04-08 12:46:10,229.0,5.0,36.0,1.0,1,43.199999999999996,0,0.0,2026-04-08,0.0,0.0
2026-04-08 12:51:10,234.0,5.0,38.0,1.0,1,45.6,0,0.0,2026-04-08,0.0,0.0
2026-04-08 12:56:10,241.0,7.0,38.0,1.4,1,45.6,0,0.0,2026-04-08,0.0,0.0
2026-04-08 13:01:10,245.0,4.0,35.0,0.8,1,42.0,0,0.0,2026-04-08,0.0,0.0
2026-04-08 13:06:10,253.0,8.0,37.0,1.6,1,44.4,0,0.0,2026-04-08,0.0,0.0
2026-04-08 13:11:10,258.0,5.0,34.0,1.0,1,40.8,0,0.0,2026-04-08,0.0,0.0
2026-04-08 13:16:10,263.0,5.0,34.0,1.0,1,40.8,0,0.0,2026-04-08,75.0,16.4
2026-04-08 13:21:10,252.0,-11.0,18.0,-2.2,0,0.0,0,0.0,2026-04-08,0.0,0.0
2026-04-08 13:26:10,251.0,-1.0,10.0,-0.2,0,0.0,0,0.0,2026-04-08,0.0,0.0
2026-04-08 13:31:10,259.0,8.0,14.0,1.6,0,0.0,0,0.0,2026-04-08,0.0,0.0
2026-04-08 13:36:10,264.0,5.0,11.0,1.0,0,0.0,0,0.0,2026-04-08,0.0,0.0
2026-04-08 13:41:10,269.0,5.0,11.0,1.0,0,0.0,0,0.0,2026-04-08,0.0,0.0
2026-04-08 13:46:10,277.0,8.0,14.0,1.6,0,0.0,0,0.0,2026-04-08,0.0,0.0
2026-04-08 13:51:10,276.0,-1.0,24.0,-0.2,0,0.0,0,0.0,2026-04-08,0.0,0.0
2026-04-08 13:56:10,269.0,-7.0,18.0,-1.4,0,0.0,0,0.0,2026-04-08,0.0,0.0
2026-04-08 14:01:10,270.0,1.0,11.0,0.2,0,0.0,0,0.0,2026-04-08,0.0,0.0
2026-04-08 14:06:10,267.0,-3.0,3.0,-0.6,0,0.0,0,0.0,2026-04-08,0.0,0.0
2026-04-08 14:11:10,263.0,-4.0,-6.0,-0.8,0,0.0,0,0.0,2026-04-08,0.0,0.0
2026-04-08 14:16:10,258.0,-5.0,-19.0,-1.0,0,0.0,0,0.0,2026-04-08,0.0,0.0
2026-04-08 14:21:11,256.0,-2.0,-20.0,-0.4,0,0.0,0,0.0,2026-04-08,0.0,0.0
2026-04-08 14:26:10,253.0,-3.0,-16.0,-0.6,0,0.0,0,0.0,2026-04-08,0.0,0.0
2026-04-08 14:31:10,252.0,-1.0,-18.0,-0.2,0,0.0,0,0.0,2026-04-08,0.0,0.0
2026-04-08 14:36:11,251.0,-1.0,-16.0,-0.2,0,0.0,0,0.0,2026-04-08,0.0,0.0
2026-04-08 14:41:10,253.0,2.0,-10.0,0.4,0,0.0,0,0.0,2026-04-08,0.0,0.0
2026-04-08 14:46:10,252.0,-1.0,-6.0,-0.2,0,0.0,0,0.0,2026-04-08,0.0,0.0
2026-04-08 14:51:10,261.0,9.0,5.0,1.8,0,0.0,0,0.0,2026-04-08,0.0,0.0
2026-04-08 14:56:10,254.0,-7.0,1.0,-1.4,0,0.0,0,0.0,2026-04-08,0.0,0.0
2026-04-08 15:01:11,243.0,-11.0,-9.0,-2.2,0,0.0,0,0.0,2026-04-08,0.0,0.0
2026-04-08 15:06:10,252.0,9.0,1.0,1.8,0,0.0,0,0.0,2026-04-08,0.0,0.0
2026-04-08 15:11:10,256.0,4.0,3.0,0.8,0,0.0,0,0.0,2026-04-08,0.0,0.0
2026-04-08 15:16:10,258.0,2.0,6.0,0.4,0,0.0,0,0.0,2026-04-08,0.0,0.0
2026-04-08 15:21:11,254.0,-4.0,-7.0,-0.8,0,0.0,0,0.0,2026-04-08,0.0,0.0
2026-04-08 15:26:10,242.0,-12.0,-12.0,-2.4,0,0.0,0,0.0,2026-04-08,0.0,0.0
2026-04-08 15:31:10,243.0,1.0,0.0,0.2,0,0.0,0,0.0,2026-04-08,0.0,0.0
2026-04-08 15:36:11,236.0,-7.0,-16.0,-1.4,0,0.0,0,0.0,2026-04-08,0.0,0.0
2026-04-08 15:41:11,240.0,4.0,-16.0,0.8,0,0.0,0,0.0,2026-04-08,0.0,0.0
2026-04-08 15:46:11,236.0,-4.0,-22.0,-0.8,0,0.0,0,0.0,2026-04-08,0.0,0.0
2026-04-08 15:51:10,225.0,-11.0,-29.0,-2.2,0,0.0,0,0.0,2026-04-08,0.0,0.0
2026-04-08 15:56:10,221.0,-4.0,-21.0,-0.8,0,0.0,0,0.0,2026-04-08,0.0,0.0
2026-04-08 16:01:11,221.0,0.0,-22.0,0.0,0,0.0,0,0.0,2026-04-08,0.0,0.0
2026-04-08 16:06:11,216.0,-5.0,-20.0,-1.0,0,0.0,0,0.0,2026-04-08,0.0,0.0
2026-04-08 16:11:11,227.0,11.0,-13.0,2.2,0,0.0,0,0.0,2026-04-08,0.0,0.0
2026-04-08 16:16:10,231.0,4.0,-5.0,0.8,0,0.0,0,0.0,2026-04-08,0.0,0.0
2026-04-08 16:21:11,229.0,-2.0,4.0,-0.4,0,0.0,0,0.0,2026-04-08,0.0,0.0
2026-04-08 16:26:11,227.0,-2.0,6.0,-0.4,0,0.0,0,0.0,2026-04-08,0.0,0.0
2026-04-08 16:31:10,238.0,11.0,17.0,2.2,0,0.0,0,0.0,2026-04-08,0.0,0.0
2026-04-08 16:36:11,242.0,4.0,26.0,0.8,0,0.0,0,0.0,2026-04-08,0.0,0.0
2026-04-08 16:41:11,243.0,1.0,16.0,0.2,0,0.0,0,0.0,2026-04-08,0.0,0.0
2026-04-08 16:46:11,245.0,2.0,14.0,0.4,0,0.0,0,0.0,2026-04-08,0.0,0.0
2026-04-08 16:51:11,251.0,6.0,22.0,1.2,0,0.0,0,0.0,2026-04-08,0.0,0.0
2026-04-08 16:56:10,260.0,9.0,33.0,1.8,1,39.6,0,0.0,2026-04-08,0.0,0.0
2026-04-08 17:01:10,269.0,9.0,31.0,1.8,1,37.199999999999996,0,0.0,2026-04-08,0.0,0.0
2026-04-08 17:06:10,276.0,7.0,34.0,1.4,1,40.8,0,0.0,2026-04-08,0.0,0.0
2026-04-08 17:11:10,287.0,11.0,44.0,2.2,1,52.8,0,0.0,2026-04-08,0.0,0.0
2026-04-08 17:16:10,292.0,5.0,47.0,1.0,1,56.4,0,0.0,2026-04-08,0.0,0.0
2026-04-08 17:21:11,303.0,11.0,52.0,2.2,1,62.4,0,0.0,2026-04-08,0.0,0.0
2026-04-08 17:26:10,319.0,16.0,59.0,3.2,1,70.8,0,0.0,2026-04-08,0.0,0.0
2026-04-08 17:31:11,318.0,-1.0,49.0,-0.2,1,58.8,0,0.0,2026-04-08,0.0,0.0
2026-04-08 17:36:11,329.0,11.0,53.0,2.2,1,63.599999999999994,0,0.0,2026-04-08,0.0,0.0
2026-04-08 17:41:11,339.0,10.0,52.0,2.0,1,62.4,0,0.0,2026-04-08,0.0,0.0
2026-04-08 17:46:11,341.0,2.0,49.0,0.4,1,58.8,0,0.0,2026-04-08,0.0,0.0
2026-04-08 17:51:11,324.0,-17.0,21.0,-3.4,0,0.0,0,0.0,2026-04-08,0.0,0.0
2026-04-08 17:56:11,324.0,0.0,5.0,0.0,0,0.0,0,0.0,2026-04-08,0.0,0.0
2026-04-08 18:01:11,337.0,13.0,19.0,2.6,0,0.0,0,0.0,2026-04-08,0.0,0.0
2026-04-08 18:06:11,364.0,27.0,35.0,5.4,1,42.0,0,0.0,2026-04-08,0.0,0.0
2026-04-08 18:11:11,382.0,18.0,43.0,3.6,1,51.6,0,0.0,2026-04-08,0.0,0.0
2026-04-08 18:16:11,388.0,6.0,47.0,1.2,1,56.4,0,0.0,2026-04-08,0.0,0.0
2026-04-08 18:21:11,389.0,1.0,65.0,0.2,1,78.0,0,0.0,2026-04-08,0.0,0.0
2026-04-08 18:26:11,391.0,2.0,67.0,0.4,1,80.39999999999999,0,0.0,2026-04-08,0.0,0.0
2026-04-08 18:31:11,393.0,2.0,56.0,0.4,1,67.2,0,0.0,2026-04-08,75.0,0.0
2026-04-08 20:01:12,399.0,0.0,0.0,0.0,0,0.0,0,0.0,2026-04-08,0.0,0.0
2026-04-08 20:51:12,391.0,0.0,0.0,0.0,0,0.0,0,0.0,2026-04-08,0.0,0.0
2026-04-08 20:56:12,374.0,-17.0,0.0,-3.4,0,0.0,0,0.0,2026-04-08,0.0,0.0
2026-04-08 21:01:12,364.0,-10.0,0.0,-2.0,0,0.0,0,0.0,2026-04-08,0.0,0.0
2026-04-08 21:06:12,350.0,-14.0,0.0,-2.8,0,0.0,0,0.0,2026-04-08,0.0,0.0
2026-04-08 21:11:11,338.0,-12.0,0.0,-2.4,0,0.0,0,0.0,2026-04-08,0.0,0.0
2026-04-08 21:16:12,328.0,-10.0,0.0,-2.0,0,0.0,0,0.0,2026-04-08,0.0,0.0
2026-04-08 21:21:12,322.0,-6.0,-69.0,-1.2,0,0.0,1,1.725,2026-04-08,0.0,0.0
2026-04-08 21:26:12,316.0,-6.0,-58.0,-1.2,0,0.0,1,1.45,2026-04-08,0.0,0.0
2026-04-08 21:31:12,304.0,-12.0,-60.0,-2.4,0,0.0,1,1.5,2026-04-08,0.0,0.0
2026-04-08 21:36:11,292.0,-12.0,-58.0,-2.4,0,0.0,1,1.45,2026-04-08,0.0,0.0
2026-04-08 21:41:12,277.0,-15.0,-61.0,-3.0,0,0.0,1,1.525,2026-04-08,0.0,0.0
2026-04-08 21:46:11,266.0,-11.0,-62.0,-2.2,0,0.0,1,1.55,2026-04-08,0.0,0.0
2026-04-08 21:51:11,260.0,-6.0,-62.0,-1.2,0,0.0,1,1.55,2026-04-08,0.0,0.0
2026-04-08 21:56:12,256.0,-4.0,-60.0,-0.8,0,0.0,1,1.5,2026-04-08,0.0,0.0
2026-04-08 22:01:12,253.0,-3.0,-51.0,-0.6,0,0.0,1,1.275,2026-04-08,0.0,0.0
2026-04-08 22:06:11,253.0,0.0,-39.0,0.0,0,0.0,1,0.975,2026-04-08,0.0,0.0
2026-04-08 22:11:12,250.0,-3.0,-27.0,-0.6,0,0.0,0,0.0,2026-04-08,0.0,0.0
2026-04-08 22:16:12,245.0,-5.0,-21.0,-1.0,0,0.0,0,0.0,2026-04-08,0.0,0.0
2026-04-08 22:21:12,230.0,-15.0,-30.0,-3.0,0,0.0,0,0.0,2026-04-08,0.0,0.0
2026-04-08 22:26:12,225.0,-5.0,-31.0,-1.0,0,0.0,1,0.775,2026-04-08,0.0,0.0
2026-04-08 22:31:12,226.0,1.0,-27.0,0.2,0,0.0,0,0.0,2026-04-08,0.0,0.0
2026-04-08 22:36:12,214.0,-12.0,-39.0,-2.4,0,0.0,1,0.975,2026-04-08,0.0,0.0
2026-04-08 22:41:12,204.0,-10.0,-46.0,-2.0,0,0.0,1,1.15,2026-04-08,0.0,0.0
2026-04-08 22:46:12,217.0,13.0,-28.0,2.6,0,0.0,0,0.0,2026-04-08,0.0,0.0
2026-04-08 22:51:12,218.0,1.0,-12.0,0.2,0,0.0,0,0.0,2026-04-08,0.0,0.0
2026-04-08 22:56:12,186.0,-32.0,-39.0,-6.4,0,0.0,1,0.975,2026-04-08,0.0,0.0
2026-04-08 23:01:12,154.0,-32.0,-72.0,-6.4,0,0.0,1,1.8,2026-04-08,0.0,0.0
2026-04-08 23:06:12,151.0,-3.0,-63.0,-0.6,0,0.0,1,1.575,2026-04-08,0.0,0.0
2026-04-08 23:11:12,150.0,-1.0,-54.0,-0.2,0,0.0,1,1.35,2026-04-08,0.0,0.0
2026-04-08 23:16:12,144.0,-6.0,-73.0,-1.2,0,0.0,1,1.825,2026-04-08,0.0,0.0
2026-04-08 23:21:12,135.0,-9.0,-83.0,-1.8,0,0.0,1,2.075,2026-04-08,0.0,0.0
2026-04-08 23:26:12,131.0,-4.0,-55.0,-0.8,0,0.0,1,1.375,2026-04-08,0.0,0.0
2026-04-08 23:31:12,123.0,-8.0,-31.0,-1.6,0,0.0,1,0.775,2026-04-08,0.0,0.0
2026-04-08 23:36:12,116.0,-7.0,-35.0,-1.4,0,0.0,1,0.875,2026-04-08,0.0,0.0
2026-04-08 23:41:12,114.0,-2.0,-36.0,-0.4,0,0.0,1,0.9,2026-04-08,0.0,0.0
2026-04-08 23:46:12,109.0,-5.0,-35.0,-1.0,0,0.0,1,0.875,2026-04-08,0.0,31.8
2026-04-08 23:51:12,106.0,-3.0,-29.0,-0.6,0,0.0,0,0.0,2026-04-08,0.0,0.0
2026-04-08 23:56:12,102.0,-4.0,-29.0,-0.8,0,0.0,0,0.0,2026-04-08,0.0,0.0
2026-04-09 00:01:12,100.0,-2.0,-23.0,-0.4,0,0.0,0,0.0,2026-04-09,0.0,0.0
2026-04-09 00:06:12,97.0,-3.0,-19.0,-0.6,0,0.0,0,0.0,2026-04-09,0.0,0.0
2026-04-09 00:11:12,95.0,-2.0,-19.0,-0.4,0,0.0,0,0.0,2026-04-09,0.0,0.0
2026-04-09 00:16:13,87.0,-8.0,-22.0,-1.6,0,0.0,0,0.0,2026-04-09,0.0,0.0
2026-04-09 00:21:12,92.0,5.0,-14.0,1.0,0,0.0,0,0.0,2026-04-09,0.0,0.0
2026-04-09 00:26:12,90.0,-2.0,-12.0,-0.4,0,0.0,0,0.0,2026-04-09,0.0,0.0
2026-04-09 00:31:12,85.0,-5.0,-15.0,-1.0,0,0.0,0,0.0,2026-04-09,0.0,0.0
2026-04-09 00:36:12,83.0,-2.0,-14.0,-0.4,0,0.0,0,0.0,2026-04-09,0.0,0.0
2026-04-09 00:41:12,84.0,1.0,-11.0,0.2,0,0.0,0,0.0,2026-04-09,0.0,0.0
2026-04-09 00:46:13,84.0,0.0,-3.0,0.0,0,0.0,0,0.0,2026-04-09,0.0,0.0
2026-04-09 00:51:12,83.0,-1.0,-9.0,-0.2,0,0.0,0,0.0,2026-04-09,0.0,0.0
2026-04-09 00:56:12,82.0,-1.0,-8.0,-0.2,0,0.0,0,0.0,2026-04-09,0.0,0.0
2026-04-09 01:01:12,82.0,0.0,-3.0,0.0,0,0.0,0,0.0,2026-04-09,0.0,0.0
2026-04-09 01:06:13,81.0,-1.0,-2.0,-0.2,0,0.0,0,0.0,2026-04-09,0.0,0.0
2026-04-09 01:11:12,79.0,-2.0,-5.0,-0.4,0,0.0,0,0.0,2026-04-09,0.0,0.0
2026-04-09 01:16:12,79.0,0.0,-5.0,0.0,0,0.0,0,0.0,2026-04-09,0.0,0.0
2026-04-09 01:21:13,78.0,-1.0,-5.0,-0.2,0,0.0,0,0.0,2026-04-09,0.0,0.0
2026-04-09 01:26:12,77.0,-1.0,-5.0,-0.2,0,0.0,0,0.0,2026-04-09,0.0,0.0
2026-04-09 01:31:12,77.0,0.0,-5.0,0.0,0,0.0,0,0.0,2026-04-09,0.0,0.0
2026-04-09 01:36:12,77.0,0.0,-4.0,0.0,0,0.0,0,0.0,2026-04-09,0.0,0.0
2026-04-09 01:41:12,77.0,0.0,-2.0,0.0,0,0.0,0,0.0,2026-04-09,0.0,0.0
2026-04-09 01:46:12,76.0,-1.0,-3.0,-0.2,0,0.0,0,0.0,2026-04-09,0.0,0.0
2026-04-09 01:51:12,74.0,-2.0,-4.0,-0.4,0,0.0,0,0.0,2026-04-09,0.0,0.0
2026-04-09 01:56:12,74.0,0.0,-3.0,0.0,0,0.0,0,0.0,2026-04-09,0.0,0.0
2026-04-09 02:01:12,74.0,0.0,-3.0,0.0,0,0.0,0,0.0,2026-04-09,0.0,0.0
2026-04-09 02:06:13,73.0,-1.0,-4.0,-0.2,0,0.0,0,0.0,2026-04-09,0.0,0.0
2026-04-09 02:11:13,73.0,0.0,-4.0,0.0,0,0.0,0,0.0,2026-04-09,0.0,0.0
2026-04-09 02:16:13,72.0,-1.0,-4.0,-0.2,0,0.0,0,0.0,2026-04-09,0.0,0.0
2026-04-09 02:21:12,72.0,0.0,-2.0,0.0,0,0.0,0,0.0,2026-04-09,0.0,0.0
2026-04-09 02:26:12,72.0,0.0,-2.0,0.0,0,0.0,0,0.0,2026-04-09,0.0,0.0
2026-04-09 02:31:13,69.0,-3.0,-5.0,-0.6,0,0.0,0,0.0,2026-04-09,0.0,0.0
2026-04-09 02:36:12,70.0,1.0,-3.0,0.2,0,0.0,0,0.0,2026-04-09,0.0,0.0
2026-04-09 02:41:13,71.0,1.0,-2.0,0.2,0,0.0,0,0.0,2026-04-09,0.0,0.0
2026-04-09 02:46:13,70.0,-1.0,-2.0,-0.2,0,0.0,0,0.0,2026-04-09,0.0,0.0
2026-04-09 02:51:13,70.0,0.0,-2.0,0.0,0,0.0,0,0.0,2026-04-09,0.0,0.0
2026-04-09 02:56:13,70.0,0.0,-2.0,0.0,0,0.0,0,0.0,2026-04-09,0.0,0.0
2026-04-09 03:01:13,71.0,1.0,2.0,0.2,0,0.0,0,0.0,2026-04-09,0.0,0.0
2026-04-09 03:06:13,70.0,-1.0,0.0,-0.2,0,0.0,0,0.0,2026-04-09,0.0,0.0
2026-04-09 03:11:13,70.0,0.0,-1.0,0.0,0,0.0,0,0.0,2026-04-09,0.0,0.0
2026-04-09 03:16:13,66.0,-4.0,-4.0,-0.8,0,0.0,0,0.0,2026-04-09,0.0,0.0
2026-04-09 03:21:13,66.0,0.0,-4.0,0.0,0,0.0,0,0.0,2026-04-09,0.0,0.0
2026-04-09 03:26:13,55.0,-11.0,-15.0,-2.2,0,0.0,0,0.0,2026-04-09,0.0,0.0
2026-04-09 03:31:13,55.0,0.0,-16.0,0.0,0,0.0,0,0.0,2026-04-09,0.0,0.0
2026-04-09 03:36:13,65.0,10.0,-5.0,2.0,0,0.0,0,0.0,2026-04-09,0.0,0.0
2026-04-09 03:41:13,78.0,13.0,8.0,2.6,0,0.0,0,0.0,2026-04-09,0.0,0.0
2026-04-09 03:46:13,74.0,-4.0,8.0,-0.8,0,0.0,0,0.0,2026-04-09,0.0,0.0
2026-04-09 03:51:13,71.0,-3.0,5.0,-0.6,0,0.0,0,0.0,2026-04-09,0.0,0.0
2026-04-09 03:56:13,71.0,0.0,16.0,0.0,0,0.0,0,0.0,2026-04-09,0.0,0.0
2026-04-09 04:01:13,72.0,1.0,17.0,0.2,0,0.0,0,0.0,2026-04-09,0.0,0.0
2026-04-09 04:06:13,73.0,1.0,8.0,0.2,0,0.0,0,0.0,2026-04-09,0.0,0.0
2026-04-09 04:11:13,75.0,2.0,-3.0,0.4,0,0.0,0,0.0,2026-04-09,0.0,0.0
2026-04-09 04:16:13,76.0,1.0,2.0,0.2,0,0.0,0,0.0,2026-04-09,0.0,0.0
2026-04-09 04:21:13,77.0,1.0,6.0,0.2,0,0.0,0,0.0,2026-04-09,0.0,0.0
2026-04-09 04:26:13,77.0,0.0,6.0,0.0,0,0.0,0,0.0,2026-04-09,0.0,0.0
2026-04-09 04:31:13,80.0,3.0,8.0,0.6,0,0.0,0,0.0,2026-04-09,0.0,0.0
2026-04-09 04:36:13,81.0,1.0,8.0,0.2,0,0.0,0,0.0,2026-04-09,0.0,0.0
2026-04-09 04:41:13,81.0,0.0,6.0,0.0,0,0.0,0,0.0,2026-04-09,0.0,0.0
2026-04-09 04:46:14,82.0,1.0,6.0,0.2,0,0.0,0,0.0,2026-04-09,0.0,0.0
2026-04-09 04:51:13,81.0,-1.0,4.0,-0.2,0,0.0,0,0.0,2026-04-09,0.0,0.0
2026-04-09 04:56:13,83.0,2.0,6.0,0.4,0,0.0,0,0.0,2026-04-09,0.0,0.0
2026-04-09 05:01:13,83.0,0.0,3.0,0.0,0,0.0,0,0.0,2026-04-09,0.0,0.0
2026-04-09 05:06:13,84.0,1.0,3.0,0.2,0,0.0,0,0.0,2026-04-09,0.0,0.0
2026-04-09 05:11:13,86.0,2.0,5.0,0.4,0,0.0,0,0.0,2026-04-09,0.0,0.0
2026-04-09 05:16:13,87.0,1.0,5.0,0.2,0,0.0,0,0.0,2026-04-09,0.0,0.0
2026-04-09 05:21:13,88.0,1.0,7.0,0.2,0,0.0,0,0.0,2026-04-09,0.0,0.0
2026-04-09 05:26:13,89.0,1.0,6.0,0.2,0,0.0,0,0.0,2026-04-09,0.0,0.0
2026-04-09 05:31:13,91.0,2.0,8.0,0.4,0,0.0,0,0.0,2026-04-09,0.0,0.0
2026-04-09 05:36:13,93.0,2.0,9.0,0.4,0,0.0,0,0.0,2026-04-09,0.0,0.0
2026-04-09 05:41:13,92.0,-1.0,6.0,-0.2,0,0.0,0,0.0,2026-04-09,0.0,0.0
2026-04-09 05:46:13,94.0,2.0,7.0,0.4,0,0.0,0,0.0,2026-04-09,0.0,0.0
2026-04-09 05:51:13,97.0,3.0,9.0,0.6,0,0.0,0,0.0,2026-04-09,0.0,0.0
2026-04-09 05:56:13,99.0,2.0,10.0,0.4,0,0.0,0,0.0,2026-04-09,0.0,0.0
2026-04-09 06:01:13,105.0,6.0,14.0,1.2,0,0.0,0,0.0,2026-04-09,0.0,0.0
2026-04-09 06:06:13,108.0,3.0,15.0,0.6,0,0.0,0,0.0,2026-04-09,0.0,0.0
2026-04-09 06:11:14,109.0,1.0,17.0,0.2,0,0.0,0,0.0,2026-04-09,0.0,0.0
2026-04-09 06:16:13,112.0,3.0,18.0,0.6,0,0.0,0,0.0,2026-04-09,0.0,0.0
2026-04-09 06:21:13,114.0,2.0,17.0,0.4,0,0.0,0,0.0,2026-04-09,0.0,0.0
2026-04-09 06:26:14,116.0,2.0,17.0,0.4,0,0.0,0,0.0,2026-04-09,0.0,0.0
2026-04-09 06:31:13,119.0,3.0,14.0,0.6,0,0.0,0,0.0,2026-04-09,0.0,0.0
2026-04-09 06:36:13,121.0,2.0,13.0,0.4,0,0.0,0,0.0,2026-04-09,0.0,0.0
2026-04-09 06:41:13,124.0,3.0,15.0,0.6,0,0.0,0,0.0,2026-04-09,0.0,0.0
2026-04-09 06:46:13,126.0,2.0,14.0,0.4,0,0.0,0,0.0,2026-04-09,0.0,0.0
2026-04-09 06:51:14,129.0,3.0,15.0,0.6,0,0.0,0,0.0,2026-04-09,0.0,0.0
2026-04-09 06:56:14,132.0,3.0,16.0,0.6,0,0.0,0,0.0,2026-04-09,0.0,0.0
2026-04-09 07:01:13,136.0,4.0,17.0,0.8,0,0.0,0,0.0,2026-04-09,0.0,0.0
2026-04-09 07:06:14,138.0,2.0,17.0,0.4,0,0.0,0,0.0,2026-04-09,0.0,0.0
2026-04-09 07:11:13,141.0,3.0,17.0,0.6,0,0.0,0,0.0,2026-04-09,0.0,0.0
2026-04-09 07:16:14,135.0,-6.0,9.0,-1.2,0,0.0,0,0.0,2026-04-09,0.0,0.0
2026-04-09 07:21:14,131.0,-4.0,2.0,-0.8,0,0.0,0,0.0,2026-04-09,0.0,0.0
2026-04-09 07:26:14,139.0,8.0,7.0,1.6,0,0.0,0,0.0,2026-04-09,0.0,0.0
2026-04-09 07:31:14,148.0,9.0,12.0,1.8,0,0.0,0,0.0,2026-04-09,0.0,0.0
2026-04-09 07:36:14,157.0,9.0,19.0,1.8,0,0.0,0,0.0,2026-04-09,0.0,0.0
2026-04-09 07:41:13,168.0,11.0,27.0,2.2,0,0.0,0,0.0,2026-04-09,0.0,0.0
2026-04-09 07:46:14,178.0,10.0,43.0,2.0,1,51.6,0,0.0,2026-04-09,0.0,0.0
2026-04-09 07:51:14,189.0,11.0,58.0,2.2,1,69.6,0,0.0,2026-04-09,0.0,0.0
2026-04-09 07:56:14,201.0,12.0,62.0,2.4,1,74.39999999999999,0,0.0,2026-04-09,0.0,0.0
2026-04-09 08:01:13,209.0,8.0,61.0,1.6,1,73.2,0,0.0,2026-04-09,0.0,0.0
2026-04-09 08:06:14,215.0,6.0,58.0,1.2,1,69.6,0,0.0,2026-04-09,0.0,0.0
2026-04-09 08:11:14,221.0,6.0,53.0,1.2,1,63.599999999999994,0,0.0,2026-04-09,0.0,0.0
2026-04-09 08:16:14,224.0,3.0,46.0,0.6,1,55.199999999999996,0,0.0,2026-04-09,0.0,0.0
2026-04-09 08:21:13,230.0,6.0,41.0,1.2,1,49.199999999999996,0,0.0,2026-04-09,0.0,0.0
2026-04-09 08:26:14,231.0,1.0,30.0,0.2,0,0.0,0,0.0,2026-04-09,0.0,0.0
2026-04-09 08:31:14,230.0,-1.0,21.0,-0.2,0,0.0,0,0.0,2026-04-09,0.0,0.0
2026-04-09 08:36:14,217.0,-13.0,2.0,-2.6,0,0.0,0,0.0,2026-04-09,0.0,0.0
2026-04-09 08:41:14,226.0,9.0,5.0,1.8,0,0.0,0,0.0,2026-04-09,0.0,0.0
2026-04-09 08:46:14,226.0,0.0,2.0,0.0,0,0.0,0,0.0,2026-04-09,0.0,0.0
2026-04-09 08:51:14,235.0,9.0,5.0,1.8,0,0.0,0,0.0,2026-04-09,0.0,0.0
2026-04-09 08:56:14,260.0,25.0,29.0,5.0,0,0.0,0,0.0,2026-04-09,0.0,0.0
2026-04-09 09:01:13,290.0,30.0,60.0,6.0,1,72.0,0,0.0,2026-04-09,0.0,0.0
2026-04-09 09:06:14,313.0,23.0,96.0,4.6,1,115.19999999999999,0,0.0,2026-04-09,0.0,0.0
2026-04-09 09:11:14,326.0,13.0,100.0,2.6,1,120.0,0,0.0,2026-04-09,0.0,0.0
2026-04-09 09:16:14,349.0,23.0,123.0,4.6,1,147.6,0,0.0,2026-04-09,0.0,0.0
2026-04-09 09:21:14,368.0,19.0,133.0,3.8,1,159.6,0,0.0,2026-04-09,0.0,0.0
2026-04-09 09:26:14,387.0,19.0,127.0,3.8,1,152.4,0,0.0,2026-04-09,0.0,0.0
2026-04-09 09:31:14,398.0,11.0,108.0,2.2,1,129.6,0,0.0,2026-04-09,0.0,0.0
2026-04-09 10:01:14,393.0,0.0,-5.0,0.0,0,0.0,0,0.0,2026-04-09,0.0,0.0
2026-04-09 10:06:14,376.0,-17.0,0.0,-3.4,0,0.0,0,0.0,2026-04-09,0.0,0.0
2026-04-09 10:11:14,366.0,-10.0,0.0,-2.0,0,0.0,0,0.0,2026-04-09,0.0,0.0
2026-04-09 10:16:14,355.0,-11.0,0.0,-2.2,0,0.0,0,0.0,2026-04-09,0.0,0.0
2026-04-09 10:21:14,341.0,-14.0,0.0,-2.8,0,0.0,0,0.0,2026-04-09,0.0,0.0
2026-04-09 10:26:14,334.0,-7.0,0.0,-1.4,0,0.0,0,0.0,2026-04-09,0.0,0.0
2026-04-09 10:31:15,336.0,2.0,-57.0,0.4,0,0.0,1,1.425,2026-04-09,0.0,0.0
2026-04-09 10:36:14,321.0,-15.0,-55.0,-3.0,0,0.0,1,1.375,2026-04-09,0.0,0.0
2026-04-09 10:41:14,313.0,-8.0,-53.0,-1.6,0,0.0,1,1.325,2026-04-09,0.0,0.0
2026-04-09 10:46:14,314.0,1.0,-41.0,0.2,0,0.0,1,1.025,2026-04-09,0.0,0.0
2026-04-09 10:51:15,311.0,-3.0,-30.0,-0.6,0,0.0,0,0.0,2026-04-09,0.0,0.0
2026-04-09 10:56:14,305.0,-6.0,-29.0,-1.2,0,0.0,0,0.0,2026-04-09,0.0,0.0
2026-04-09 11:01:14,306.0,1.0,-30.0,0.2,0,0.0,0,0.0,2026-04-09,0.0,0.0
2026-04-09 11:06:14,295.0,-11.0,-26.0,-2.2,0,0.0,0,0.0,2026-04-09,0.0,0.0
2026-04-09 11:11:14,292.0,-3.0,-21.0,-0.6,0,0.0,0,0.0,2026-04-09,0.0,0.0
2026-04-09 11:16:14,288.0,-4.0,-26.0,-0.8,0,0.0,0,0.0,2026-04-09,0.0,0.0
2026-04-09 11:21:14,277.0,-11.0,-34.0,-2.2,0,0.0,1,0.85,2026-04-09,0.0,0.0
2026-04-09 11:26:14,265.0,-12.0,-40.0,-2.4,0,0.0,1,1.0,2026-04-09,0.0,0.0
2026-04-09 11:31:15,260.0,-5.0,-46.0,-1.0,0,0.0,1,1.15,2026-04-09,0.0,0.0
2026-04-09 11:36:14,250.0,-10.0,-45.0,-2.0,0,0.0,1,1.125,2026-04-09,0.0,0.0
2026-04-09 11:41:15,237.0,-13.0,-55.0,-2.6,0,0.0,1,1.375,2026-04-09,0.0,0.0
2026-04-09 11:46:15,226.0,-11.0,-62.0,-2.2,0,0.0,1,1.55,2026-04-09,0.0,0.0
2026-04-09 11:51:15,205.0,-21.0,-72.0,-4.2,0,0.0,1,1.8,2026-04-09,0.0,0.0
2026-04-09 11:56:15,208.0,3.0,-57.0,0.6,0,0.0,1,1.425,2026-04-09,0.0,0.0
2026-04-09 12:01:14,198.0,-10.0,-62.0,-2.0,0,0.0,1,1.55,2026-04-09,0.0,0.0
2026-04-09 12:06:14,173.0,-25.0,-77.0,-5.0,0,0.0,1,1.925,2026-04-09,0.0,0.0
2026-04-09 12:11:14,168.0,-5.0,-69.0,-1.0,0,0.0,1,1.725,2026-04-09,0.0,0.0
2026-04-09 12:16:15,155.0,-13.0,-71.0,-2.6,0,0.0,1,1.775,2026-04-09,0.0,0.0
2026-04-09 12:21:14,151.0,-4.0,-54.0,-0.8,0,0.0,1,1.35,2026-04-09,0.0,0.0
2026-04-09 12:26:14,148.0,-3.0,-60.0,-0.6,0,0.0,1,1.5,2026-04-09,0.0,0.0
2026-04-09 12:31:15,136.0,-12.0,-62.0,-2.4,0,0.0,1,1.55,2026-04-09,0.0,0.0
2026-04-09 12:36:15,128.0,-8.0,-45.0,-1.6,0,0.0,1,1.125,2026-04-09,0.0,0.0
2026-04-09 12:41:15,106.0,-22.0,-62.0,-4.4,0,0.0,1,1.55,2026-04-09,0.0,0.0
2026-04-09 12:46:15,96.0,-10.0,-59.0,-2.0,0,0.0,1,1.475,2026-04-09,0.0,0.0
2026-04-09 12:51:14,104.0,8.0,-47.0,1.6,0,0.0,1,1.175,2026-04-09,0.0,0.0
2026-04-09 12:56:15,109.0,5.0,-39.0,1.0,0,0.0,1,0.975,2026-04-09,0.0,0.0
2026-04-09 13:01:14,111.0,2.0,-25.0,0.4,0,0.0,0,0.0,2026-04-09,0.0,0.0
2026-04-09 13:06:14,112.0,1.0,-16.0,0.2,0,0.0,0,0.0,2026-04-09,0.0,0.0
2026-04-09 13:11:15,116.0,4.0,10.0,0.8,0,0.0,0,0.0,2026-04-09,0.0,0.0
2026-04-09 13:16:15,126.0,10.0,30.0,2.0,0,0.0,0,0.0,2026-04-09,0.0,0.0
2026-04-09 13:21:15,142.0,16.0,38.0,3.2,1,45.6,0,0.0,2026-04-09,0.0,0.0
2026-04-09 13:26:15,166.0,24.0,57.0,4.8,1,68.39999999999999,0,0.0,2026-04-09,0.0,0.0
2026-04-09 13:31:15,167.0,1.0,56.0,0.2,1,67.2,0,0.0,2026-04-09,0.0,0.0
2026-04-09 13:36:15,170.0,3.0,58.0,0.6,1,69.6,0,0.0,2026-04-09,0.0,0.0
2026-04-09 13:41:15,187.0,17.0,71.0,3.4,1,85.2,0,0.0,2026-04-09,0.0,0.0
2026-04-09 13:46:15,187.0,0.0,61.0,0.0,1,73.2,0,0.0,2026-04-09,0.0,0.0
2026-04-09 13:51:14,171.0,-16.0,29.0,-3.2,0,0.0,0,0.0,2026-04-09,0.0,0.0
2026-04-09 13:56:15,176.0,5.0,10.0,1.0,0,0.0,0,0.0,2026-04-09,0.0,0.0
2026-04-09 14:01:15,184.0,8.0,17.0,1.6,0,0.0,0,0.0,2026-04-09,0.0,0.0
2026-04-09 14:06:15,170.0,-14.0,0.0,-2.8,0,0.0,0,0.0,2026-04-09,0.0,0.0
2026-04-09 14:11:15,154.0,-16.0,-33.0,-3.2,0,0.0,1,0.825,2026-04-09,0.0,0.0
2026-04-09 14:16:15,145.0,-9.0,-42.0,-1.8,0,0.0,1,1.05,2026-04-09,0.0,0.0
2026-04-09 14:21:15,133.0,-12.0,-38.0,-2.4,0,0.0,1,0.95,2026-04-09,0.0,0.0
2026-04-09 14:26:15,121.0,-12.0,-55.0,-2.4,0,0.0,1,1.375,2026-04-09,0.0,0.0
2026-04-09 14:31:15,125.0,4.0,-59.0,0.8,0,0.0,1,1.475,2026-04-09,0.0,0.0
2026-04-09 14:36:15,124.0,-1.0,-46.0,-0.2,0,0.0,1,1.15,2026-04-09,0.0,0.0
2026-04-09 14:41:15,120.0,-4.0,-34.0,-0.8,0,0.0,1,0.85,2026-04-09,0.0,0.0
2026-04-09 14:46:15,128.0,8.0,-17.0,1.6,0,0.0,0,0.0,2026-04-09,0.0,0.0
2026-04-09 14:51:16,119.0,-9.0,-14.0,-1.8,0,0.0,0,0.0,2026-04-09,0.0,0.0
2026-04-09 14:56:15,107.0,-12.0,-14.0,-2.4,0,0.0,0,0.0,2026-04-09,0.0,0.0
2026-04-09 15:01:15,104.0,-3.0,-21.0,-0.6,0,0.0,0,0.0,2026-04-09,0.0,0.0
2026-04-09 15:06:15,108.0,4.0,-16.0,0.8,0,0.0,0,0.0,2026-04-09,0.0,0.0
2026-04-09 15:11:15,100.0,-8.0,-20.0,-1.6,0,0.0,0,0.0,2026-04-09,0.0,0.0
2026-04-09 15:16:15,106.0,6.0,-22.0,1.2,0,0.0,0,0.0,2026-04-09,0.0,0.0
2026-04-09 15:21:15,102.0,-4.0,-17.0,-0.8,0,0.0,0,0.0,2026-04-09,0.0,0.0
2026-04-09 15:26:15,106.0,4.0,-1.0,0.8,0,0.0,0,0.0,2026-04-09,0.0,0.0
2026-04-09 15:31:15,99.0,-7.0,-5.0,-1.4,0,0.0,0,0.0,2026-04-09,0.0,0.0
2026-04-09 15:36:15,89.0,-10.0,-19.0,-2.0,0,0.0,0,0.0,2026-04-09,0.0,0.0
2026-04-09 15:41:15,88.0,-1.0,-12.0,-0.2,0,0.0,0,0.0,2026-04-09,0.0,0.0
2026-04-09 15:46:15,100.0,12.0,-6.0,2.4,0,0.0,0,0.0,2026-04-09,0.0,0.0
2026-04-09 15:51:15,105.0,5.0,3.0,1.0,0,0.0,0,0.0,2026-04-09,0.0,0.0
2026-04-09 15:56:16,112.0,7.0,6.0,1.4,0,0.0,0,0.0,2026-04-09,0.0,0.0
2026-04-09 16:01:18,123.0,11.0,24.0,2.2,0,0.0,0,0.0,2026-04-09,0.0,0.0
2026-04-09 16:06:15,131.0,8.0,42.0,1.6,1,50.4,0,0.0,2026-04-09,0.0,0.0
2026-04-09 16:11:15,134.0,3.0,46.0,0.6,1,55.199999999999996,0,0.0,2026-04-09,0.0,0.0
2026-04-09 16:16:16,139.0,5.0,39.0,1.0,1,46.8,0,0.0,2026-04-09,0.0,0.0
2026-04-09 16:21:15,129.0,-10.0,24.0,-2.0,0,0.0,0,0.0,2026-04-09,0.0,0.0
2026-04-09 16:26:15,122.0,-7.0,10.0,-1.4,0,0.0,0,0.0,2026-04-09,0.0,0.0
2026-04-09 16:31:15,118.0,-4.0,-5.0,-0.8,0,0.0,0,0.0,2026-04-09,0.0,0.0
2026-04-09 16:36:16,108.0,-10.0,-23.0,-2.0,0,0.0,0,0.0,2026-04-09,0.0,0.0
2026-04-09 16:41:15,105.0,-3.0,-29.0,-0.6,0,0.0,0,0.0,2026-04-09,0.0,0.0
2026-04-09 16:46:16,107.0,2.0,-32.0,0.4,0,0.0,1,0.8,2026-04-09,0.0,0.0
2026-04-09 16:51:15,110.0,3.0,-19.0,0.6,0,0.0,0,0.0,2026-04-09,0.0,0.0
2026-04-09 16:56:16,119.0,9.0,-3.0,1.8,0,0.0,0,0.0,2026-04-09,0.0,0.0
2026-04-09 17:01:15,130.0,11.0,12.0,2.2,0,0.0,0,0.0,2026-04-09,0.0,0.0
2026-04-09 17:06:16,135.0,5.0,27.0,1.0,0,0.0,0,0.0,2026-04-09,0.0,0.0
2026-04-09 17:11:15,132.0,-3.0,27.0,-0.6,0,0.0,0,0.0,2026-04-09,0.0,0.0
2026-04-09 17:16:16,142.0,10.0,35.0,2.0,1,42.0,0,0.0,2026-04-09,0.0,0.0
2026-04-09 17:21:16,146.0,4.0,36.0,0.8,1,43.199999999999996,0,0.0,2026-04-09,0.0,0.0
2026-04-09 17:26:16,147.0,1.0,28.0,0.2,0,0.0,0,0.0,2026-04-09,0.0,0.0
2026-04-09 17:31:16,157.0,10.0,27.0,2.0,0,0.0,0,0.0,2026-04-09,0.0,0.0
2026-04-09 17:36:15,154.0,-3.0,19.0,-0.6,0,0.0,0,0.0,2026-04-09,0.0,0.0
2026-04-09 17:41:15,151.0,-3.0,19.0,-0.6,0,0.0,0,0.0,2026-04-09,0.0,0.0
2026-04-09 17:46:15,156.0,5.0,14.0,1.0,0,0.0,0,0.0,2026-04-09,0.0,0.0
2026-04-09 17:51:15,156.0,0.0,10.0,0.0,0,0.0,0,0.0,2026-04-09,0.0,0.0
2026-04-09 17:56:15,155.0,-1.0,8.0,-0.2,0,0.0,0,0.0,2026-04-09,0.0,0.0
2026-04-09 18:01:16,164.0,9.0,7.0,1.8,0,0.0,0,0.0,2026-04-09,0.0,0.0
2026-04-09 18:06:16,171.0,7.0,17.0,1.4,0,0.0,0,0.0,2026-04-09,0.0,0.0
2026-04-09 18:11:16,193.0,22.0,42.0,4.4,1,50.4,0,0.0,2026-04-09,0.0,0.0
2026-04-09 18:16:16,192.0,-1.0,36.0,-0.2,1,43.199999999999996,0,0.0,2026-04-09,0.0,0.0
2026-04-09 18:21:16,177.0,-15.0,21.0,-3.0,0,0.0,0,0.0,2026-04-09,0.0,0.0
2026-04-09 18:26:16,176.0,-1.0,21.0,-0.2,0,0.0,0,0.0,2026-04-09,0.0,0.0
2026-04-09 18:31:16,207.0,31.0,43.0,6.2,1,51.6,0,0.0,2026-04-09,0.0,0.0
2026-04-09 18:36:15,249.0,42.0,78.0,8.4,1,93.6,0,0.0,2026-04-09,0.0,0.0
2026-04-09 18:41:16,258.0,9.0,65.0,1.8,1,78.0,0,0.0,2026-04-09,0.0,0.0
2026-04-09 18:46:16,251.0,-7.0,59.0,-1.4,1,70.8,0,0.0,2026-04-09,0.0,0.0
2026-04-09 18:51:15,249.0,-2.0,72.0,-0.4,1,86.39999999999999,0,0.0,2026-04-09,0.0,0.0
2026-04-09 18:56:16,269.0,20.0,93.0,4.0,1,111.6,0,0.0,2026-04-09,0.0,0.0
2026-04-09 19:01:17,275.0,6.0,68.0,1.2,1,81.6,0,0.0,2026-04-09,0.0,0.0
2026-04-09 19:06:16,282.0,7.0,33.0,1.4,1,39.6,0,0.0,2026-04-09,0.0,0.0
2026-04-09 19:11:16,296.0,14.0,38.0,2.8,1,45.6,0,0.0,2026-04-09,0.0,0.0
2026-04-09 19:16:15,310.0,14.0,59.0,2.8,1,70.8,0,0.0,2026-04-09,0.0,0.0
2026-04-09 19:21:16,326.0,16.0,77.0,3.2,1,92.39999999999999,0,0.0,2026-04-09,0.0,0.0
2026-04-09 19:26:16,328.0,2.0,59.0,0.4,1,70.8,0,0.0,2026-04-09,0.0,0.0
2026-04-09 19:31:16,341.0,13.0,66.0,2.6,1,79.2,0,0.0,2026-04-09,0.0,0.0
2026-04-09 19:36:16,358.0,17.0,76.0,3.4,1,91.2,0,0.0,2026-04-09,0.0,0.0
2026-04-09 19:41:16,373.0,15.0,77.0,3.0,1,92.39999999999999,0,0.0,2026-04-09,0.0,0.0
2026-04-09 19:46:16,378.0,5.0,68.0,1.0,1,81.6,0,0.0,2026-04-09,0.0,0.0
2026-04-09 19:51:16,390.0,12.0,64.0,2.4,1,76.8,0,0.0,2026-04-09,75.0,41.57500000000001
2026-04-09 22:16:17,394.0,0.0,0.0,0.0,0,0.0,0,0.0,2026-04-09,0.0,0.0
2026-04-09 22:21:17,378.0,-16.0,0.0,-3.2,0,0.0,0,0.0,2026-04-09,0.0,0.0
2026-04-09 22:26:16,371.0,-7.0,0.0,-1.4,0,0.0,0,0.0,2026-04-09,0.0,0.0
2026-04-09 22:31:16,368.0,-3.0,0.0,-0.6,0,0.0,0,0.0,2026-04-09,0.0,0.0
2026-04-09 22:36:16,345.0,-23.0,0.0,-4.6,0,0.0,0,0.0,2026-04-09,0.0,0.0
2026-04-09 22:41:17,327.0,-18.0,0.0,-3.6,0,0.0,0,0.0,2026-04-09,0.0,0.0
2026-04-09 22:46:16,298.0,-29.0,-96.0,-5.8,0,0.0,1,2.4,2026-04-09,0.0,0.0
2026-04-09 22:51:16,276.0,-22.0,-102.0,-4.4,0,0.0,1,2.55,2026-04-09,0.0,0.0
2026-04-09 22:56:17,252.0,-24.0,-119.0,-4.8,0,0.0,1,2.975,2026-04-09,0.0,0.0
2026-04-09 23:01:17,241.0,-11.0,-127.0,-2.2,0,0.0,1,3.175,2026-04-09,0.0,0.0
2026-04-09 23:06:17,237.0,-4.0,-108.0,-0.8,0,0.0,1,2.7,2026-04-09,0.0,0.0
2026-04-09 23:11:18,239.0,2.0,-88.0,0.4,0,0.0,1,2.2,2026-04-09,0.0,0.0
2026-04-09 23:16:17,227.0,-12.0,-71.0,-2.4,0,0.0,1,1.775,2026-04-09,0.0,0.0
2026-04-09 23:21:16,216.0,-11.0,-60.0,-2.2,0,0.0,1,1.5,2026-04-09,0.0,0.0
2026-04-09 23:26:17,196.0,-20.0,-56.0,-4.0,0,0.0,1,1.4,2026-04-09,0.0,0.0
2026-04-09 23:31:17,183.0,-13.0,-58.0,-2.6,0,0.0,1,1.45,2026-04-09,0.0,0.0
2026-04-09 23:36:17,161.0,-22.0,-76.0,-4.4,0,0.0,1,1.9,2026-04-09,0.0,0.0
2026-04-09 23:41:17,157.0,-4.0,-82.0,-0.8,0,0.0,1,2.05,2026-04-09,0.0,0.0
2026-04-09 23:46:16,152.0,-5.0,-75.0,-1.0,0,0.0,1,1.875,2026-04-09,0.0,0.0
2026-04-09 23:51:17,141.0,-11.0,-75.0,-2.2,0,0.0,1,1.875,2026-04-09,0.0,0.0
2026-04-09 23:56:17,141.0,0.0,-55.0,0.0,0,0.0,1,1.375,2026-04-09,0.0,31.199999999999992
2026-04-10 00:01:16,145.0,4.0,-38.0,0.8,0,0.0,1,0.95,2026-04-10,0.0,0.0
2026-04-10 00:06:17,150.0,5.0,-11.0,1.0,0,0.0,0,0.0,2026-04-10,0.0,0.0
2026-04-10 00:11:17,150.0,0.0,-7.0,0.0,0,0.0,0,0.0,2026-04-10,0.0,0.0
2026-04-10 00:16:17,148.0,-2.0,-4.0,-0.4,0,0.0,0,0.0,2026-04-10,0.0,0.0
2026-04-10 00:21:17,141.0,-7.0,0.0,-1.4,0,0.0,0,0.0,2026-04-10,0.0,0.0
2026-04-10 00:26:17,132.0,-9.0,-9.0,-1.8,0,0.0,0,0.0,2026-04-10,0.0,0.0
2026-04-10 00:31:17,122.0,-10.0,-23.0,-2.0,0,0.0,0,0.0,2026-04-10,0.0,0.0
2026-04-10 00:36:17,108.0,-14.0,-42.0,-2.8,0,0.0,1,1.05,2026-04-10,0.0,0.0
2026-04-10 00:41:17,103.0,-5.0,-47.0,-1.0,0,0.0,1,1.175,2026-04-10,0.0,0.0
2026-04-10 00:46:16,90.0,-13.0,-58.0,-2.6,0,0.0,1,1.45,2026-04-10,0.0,0.0
2026-04-10 00:51:17,91.0,1.0,-50.0,0.2,0,0.0,1,1.25,2026-04-10,0.0,0.0
2026-04-10 00:56:17,100.0,9.0,-32.0,1.8,0,0.0,1,0.8,2026-04-10,0.0,0.0
2026-04-10 01:01:17,98.0,-2.0,-24.0,-0.4,0,0.0,0,0.0,2026-04-10,0.0,0.0
2026-04-10 01:06:17,95.0,-3.0,-13.0,-0.6,0,0.0,0,0.0,2026-04-10,0.0,0.0
2026-04-10 01:11:17,86.0,-9.0,-17.0,-1.8,0,0.0,0,0.0,2026-04-10,0.0,0.0
2026-04-10 01:16:18,79.0,-7.0,-11.0,-1.4,0,0.0,0,0.0,2026-04-10,0.0,0.0
2026-04-10 01:21:17,83.0,4.0,-8.0,0.8,0,0.0,0,0.0,2026-04-10,0.0,0.0
2026-04-10 01:26:17,75.0,-8.0,-25.0,-1.6,0,0.0,0,0.0,2026-04-10,0.0,0.0
2026-04-10 01:31:17,75.0,0.0,-23.0,0.0,0,0.0,0,0.0,2026-04-10,0.0,0.0
2026-04-10 01:36:18,72.0,-3.0,-23.0,-0.6,0,0.0,0,0.0,2026-04-10,0.0,0.0
2026-04-10 01:41:17,65.0,-7.0,-21.0,-1.4,0,0.0,0,0.0,2026-04-10,0.0,0.0
2026-04-10 01:46:17,71.0,6.0,-8.0,1.2,0,0.0,0,0.0,2026-04-10,0.0,0.0
2026-04-10 01:51:17,104.0,33.0,21.0,6.6,0,0.0,0,0.0,2026-04-10,0.0,0.0
2026-04-10 01:56:17,125.0,21.0,50.0,4.2,1,60.0,0,0.0,2026-04-10,0.0,0.0
2026-04-10 02:01:18,130.0,5.0,55.0,1.0,1,66.0,0,0.0,2026-04-10,0.0,0.0
2026-04-10 02:06:17,138.0,8.0,66.0,1.6,1,79.2,0,0.0,2026-04-10,0.0,0.0
2026-04-10 02:11:18,136.0,-2.0,71.0,-0.4,1,85.2,0,0.0,2026-04-10,0.0,0.0
2026-04-10 02:16:17,136.0,0.0,65.0,0.0,1,78.0,0,0.0,2026-04-10,75.0,6.675
2026-04-10 02:21:17,128.0,-8.0,24.0,-1.6,0,0.0,0,0.0,2026-04-10,0.0,0.0
2026-04-10 02:26:17,125.0,-3.0,0.0,-0.6,0,0.0,0,0.0,2026-04-10,0.0,0.0
2026-04-10 02:31:17,129.0,4.0,-1.0,0.8,0,0.0,0,0.0,2026-04-10,0.0,0.0
2026-04-10 02:36:17,127.0,-2.0,-11.0,-0.4,0,0.0,0,0.0,2026-04-10,0.0,0.0
2026-04-10 02:41:18,124.0,-3.0,-12.0,-0.6,0,0.0,0,0.0,2026-04-10,0.0,0.0
2026-04-10 02:46:17,126.0,2.0,-10.0,0.4,0,0.0,0,0.0,2026-04-10,0.0,0.0
2026-04-10 02:51:18,124.0,-2.0,-4.0,-0.4,0,0.0,0,0.0,2026-04-10,0.0,0.0
2026-04-10 02:56:18,120.0,-4.0,-5.0,-0.8,0,0.0,0,0.0,2026-04-10,0.0,0.0
2026-04-10 03:01:17,117.0,-3.0,-12.0,-0.6,0,0.0,0,0.0,2026-04-10,0.0,0.0
2026-04-10 03:06:18,114.0,-3.0,-13.0,-0.6,0,0.0,0,0.0,2026-04-10,0.0,0.0
2026-04-10 03:11:18,112.0,-2.0,-12.0,-0.4,0,0.0,0,0.0,2026-04-10,0.0,0.0
2026-04-10 03:16:18,112.0,0.0,-14.0,0.0,0,0.0,0,0.0,2026-04-10,0.0,0.0
2026-04-10 03:21:18,112.0,0.0,-12.0,0.0,0,0.0,0,0.0,2026-04-10,0.0,0.0
2026-04-10 03:26:18,112.0,0.0,-8.0,0.0,0,0.0,0,0.0,2026-04-10,0.0,0.0
2026-04-10 03:31:17,113.0,1.0,-4.0,0.2,0,0.0,0,0.0,2026-04-10,0.0,0.0
2026-04-10 03:36:17,113.0,0.0,-1.0,0.0,0,0.0,0,0.0,2026-04-10,0.0,0.0
2026-04-10 03:41:18,112.0,-1.0,0.0,-0.2,0,0.0,0,0.0,2026-04-10,0.0,0.0
2026-04-10 03:46:18,112.0,0.0,0.0,0.0,0,0.0,0,0.0,2026-04-10,0.0,0.0
2026-04-10 03:51:18,112.0,0.0,0.0,0.0,0,0.0,0,0.0,2026-04-10,0.0,0.0
2026-04-10 03:56:18,113.0,1.0,1.0,0.2,0,0.0,0,0.0,2026-04-10,0.0,0.0
2026-04-10 04:01:17,112.0,-1.0,-1.0,-0.2,0,0.0,0,0.0,2026-04-10,0.0,0.0
2026-04-10 04:06:18,113.0,1.0,0.0,0.2,0,0.0,0,0.0,2026-04-10,0.0,0.0
2026-04-10 04:11:18,114.0,1.0,2.0,0.2,0,0.0,0,0.0,2026-04-10,0.0,0.0
2026-04-10 04:16:17,115.0,1.0,3.0,0.2,0,0.0,0,0.0,2026-04-10,0.0,0.0
2026-04-10 04:21:18,113.0,-2.0,1.0,-0.4,0,0.0,0,0.0,2026-04-10,0.0,0.0
2026-04-10 04:26:17,110.0,-3.0,-3.0,-0.6,0,0.0,0,0.0,2026-04-10,0.0,0.0
2026-04-10 04:31:18,113.0,3.0,1.0,0.6,0,0.0,0,0.0,2026-04-10,0.0,0.0
2026-04-10 04:36:18,115.0,2.0,2.0,0.4,0,0.0,0,0.0,2026-04-10,0.0,0.0
2026-04-10 04:41:17,118.0,3.0,4.0,0.6,0,0.0,0,0.0,2026-04-10,0.0,0.0
2026-04-10 04:46:17,126.0,8.0,11.0,1.6,0,0.0,0,0.0,2026-04-10,0.0,0.0
2026-04-10 04:51:17,125.0,-1.0,12.0,-0.2,0,0.0,0,0.0,2026-04-10,0.0,0.0
2026-04-10 04:56:18,125.0,0.0,15.0,0.0,0,0.0,0,0.0,2026-04-10,0.0,0.0
2026-04-10 05:01:18,125.0,0.0,12.0,0.0,0,0.0,0,0.0,2026-04-10,0.0,0.0
2026-04-10 05:06:18,125.0,0.0,10.0,0.0,0,0.0,0,0.0,2026-04-10,0.0,0.0
2026-04-10 05:11:18,126.0,1.0,8.0,0.2,0,0.0,0,0.0,2026-04-10,0.0,0.0
2026-04-10 05:16:18,127.0,1.0,1.0,0.2,0,0.0,0,0.0,2026-04-10,0.0,0.0
2026-04-10 05:21:18,124.0,-3.0,-1.0,-0.6,0,0.0,0,0.0,2026-04-10,0.0,0.0
2026-04-10 05:26:18,125.0,1.0,0.0,0.2,0,0.0,0,0.0,2026-04-10,0.0,0.0
2026-04-10 05:31:18,129.0,4.0,4.0,0.8,0,0.0,0,0.0,2026-04-10,0.0,0.0
2026-04-10 05:36:18,130.0,1.0,5.0,0.2,0,0.0,0,0.0,2026-04-10,0.0,0.0
2026-04-10 05:41:18,132.0,2.0,6.0,0.4,0,0.0,0,0.0,2026-04-10,0.0,0.0
2026-04-10 05:46:18,134.0,2.0,7.0,0.4,0,0.0,0,0.0,2026-04-10,0.0,0.0
2026-04-10 05:51:17,136.0,2.0,12.0,0.4,0,0.0,0,0.0,2026-04-10,0.0,0.0
2026-04-10 05:56:18,137.0,1.0,12.0,0.2,0,0.0,0,0.0,2026-04-10,0.0,0.0
2026-04-10 06:01:18,138.0,1.0,9.0,0.2,0,0.0,0,0.0,2026-04-10,0.0,0.0
2026-04-10 06:06:18,138.0,0.0,8.0,0.0,0,0.0,0,0.0,2026-04-10,0.0,0.0
2026-04-10 06:11:18,137.0,-1.0,5.0,-0.2,0,0.0,0,0.0,2026-04-10,0.0,0.0
2026-04-10 06:16:18,137.0,0.0,3.0,0.0,0,0.0,0,0.0,2026-04-10,0.0,0.0
2026-04-10 06:21:18,140.0,3.0,4.0,0.6,0,0.0,0,0.0,2026-04-10,0.0,0.0
2026-04-10 06:26:18,141.0,1.0,4.0,0.2,0,0.0,0,0.0,2026-04-10,0.0,0.0
2026-04-10 06:31:18,141.0,0.0,3.0,0.0,0,0.0,0,0.0,2026-04-10,0.0,0.0
2026-04-10 06:36:18,137.0,-4.0,-1.0,-0.8,0,0.0,0,0.0,2026-04-10,0.0,0.0
2026-04-10 06:41:18,139.0,2.0,2.0,0.4,0,0.0,0,0.0,2026-04-10,0.0,0.0
2026-04-10 06:46:18,147.0,8.0,10.0,1.6,0,0.0,0,0.0,2026-04-10,0.0,0.0
2026-04-10 06:51:18,166.0,19.0,26.0,3.8,0,0.0,0,0.0,2026-04-10,0.0,0.0
2026-04-10 06:56:18,184.0,18.0,43.0,3.6,1,51.6,0,0.0,2026-04-10,0.0,0.0
2026-04-10 07:01:18,199.0,15.0,58.0,3.0,1,69.6,0,0.0,2026-04-10,0.0,0.0
2026-04-10 07:06:19,221.0,22.0,84.0,4.4,1,100.8,0,0.0,2026-04-10,0.0,0.0
2026-04-10 07:11:18,263.0,42.0,124.0,8.4,1,148.79999999999998,0,0.0,2026-04-10,0.0,0.0
2026-04-10 07:16:18,301.0,38.0,154.0,7.6,1,184.79999999999998,0,0.0,2026-04-10,0.0,0.0
2026-04-10 07:21:18,336.0,35.0,170.0,7.0,1,204.0,0,0.0,2026-04-10,0.0,0.0
2026-04-10 07:26:21,353.0,17.0,169.0,3.4,1,202.79999999999998,0,0.0,2026-04-10,0.0,0.0
2026-04-10 07:31:19,342.0,-11.0,143.0,-2.2,1,171.6,0,0.0,2026-04-10,0.0,0.0
2026-04-10 07:36:19,357.0,15.0,136.0,3.0,1,163.2,0,0.0,2026-04-10,0.0,0.0
2026-04-10 07:41:18,366.0,9.0,103.0,1.8,1,123.6,0,0.0,2026-04-10,0.0,0.0
2026-04-10 07:46:19,352.0,-14.0,51.0,-2.8,1,61.199999999999996,0,0.0,2026-04-10,0.0,0.0
2026-04-10 07:50:58,331.0,-21.0,-5.0,-4.2,0,0.0,0,0.0,2026-04-10,0.0,0.0
2026-04-10 07:55:58,314.0,-17.0,-39.0,-3.4,0,0.0,1,0.975,2026-04-10,0.0,0.0
2026-04-10 08:00:58,298.0,-16.0,-44.0,-3.2,0,0.0,1,1.1,2026-04-10,0.0,0.0
2026-04-10 08:05:58,285.0,-13.0,-72.0,-2.6,0,0.0,1,1.8,2026-04-10,0.0,0.0
2026-04-10 08:10:58,270.0,-15.0,-96.0,-3.0,0,0.0,1,2.4,2026-04-10,0.0,0.0
2026-04-10 08:15:58,256.0,-14.0,-96.0,-2.8,0,0.0,1,2.4,2026-04-10,0.0,0.0
2026-04-10 08:20:58,244.0,-12.0,-87.0,-2.4,0,0.0,1,2.175,2026-04-10,0.0,0.0
2026-04-10 08:25:58,233.0,-11.0,-81.0,-2.2,0,0.0,1,2.025,2026-04-10,0.0,0.0
2026-04-10 08:30:58,223.0,-10.0,-75.0,-2.0,0,0.0,1,1.875,2026-04-10,0.0,0.0
2026-04-10 08:35:58,214.0,-9.0,-71.0,-1.8,0,0.0,1,1.775,2026-04-10,0.0,0.0
2026-04-10 08:40:58,206.0,-8.0,-64.0,-1.6,0,0.0,1,1.6,2026-04-10,0.0,0.0
2026-04-10 08:45:58,195.0,-11.0,-61.0,-2.2,0,0.0,1,1.525,2026-04-10,0.0,0.0
2026-04-10 08:50:58,184.0,-11.0,-60.0,-2.2,0,0.0,1,1.5,2026-04-10,0.0,0.0
2026-04-10 08:55:59,181.0,-3.0,-52.0,-0.6,0,0.0,1,1.3,2026-04-10,0.0,0.0
2026-04-10 09:00:59,170.0,-11.0,-53.0,-2.2,0,0.0,1,1.325,2026-04-10,0.0,0.0
2026-04-10 09:05:58,162.0,-8.0,-52.0,-1.6,0,0.0,1,1.3,2026-04-10,0.0,0.0
2026-04-10 09:10:59,154.0,-8.0,-52.0,-1.6,0,0.0,1,1.3,2026-04-10,0.0,0.0
2026-04-10 09:15:59,148.0,-6.0,-47.0,-1.2,0,0.0,1,1.175,2026-04-10,0.0,0.0
2026-04-10 09:20:59,141.0,-7.0,-43.0,-1.4,0,0.0,1,1.075,2026-04-10,0.0,0.0
2026-04-10 09:25:59,135.0,-6.0,-46.0,-1.2,0,0.0,1,1.15,2026-04-10,0.0,0.0
2026-04-10 09:30:58,128.0,-7.0,-42.0,-1.4,0,0.0,1,1.05,2026-04-10,0.0,0.0
2026-04-10 09:35:59,124.0,-4.0,-38.0,-0.8,0,0.0,1,0.95,2026-04-10,0.0,0.0
2026-04-10 09:40:59,124.0,0.0,-30.0,0.0,0,0.0,0,0.0,2026-04-10,0.0,0.0
2026-04-10 09:45:59,120.0,-4.0,-28.0,-0.8,0,0.0,0,0.0,2026-04-10,0.0,0.0
2026-04-10 09:50:59,117.0,-3.0,-24.0,-0.6,0,0.0,0,0.0,2026-04-10,0.0,0.0
2026-04-10 09:55:58,115.0,-2.0,-20.0,-0.4,0,0.0,0,0.0,2026-04-10,0.0,0.0
2026-04-10 10:00:59,113.0,-2.0,-15.0,-0.4,0,0.0,0,0.0,2026-04-10,0.0,0.0
2026-04-10 10:05:59,111.0,-2.0,-13.0,-0.4,0,0.0,0,0.0,2026-04-10,0.0,0.0
2026-04-10 10:10:59,110.0,-1.0,-14.0,-0.2,0,0.0,0,0.0,2026-04-10,0.0,0.0
2026-04-10 10:15:59,112.0,2.0,-8.0,0.4,0,0.0,0,0.0,2026-04-10,0.0,0.0
2026-04-10 10:20:59,109.0,-3.0,-8.0,-0.6,0,0.0,0,0.0,2026-04-10,0.0,0.0
2026-04-10 10:25:58,106.0,-3.0,-9.0,-0.6,0,0.0,0,0.0,2026-04-10,0.0,0.0
2026-04-10 10:30:58,106.0,0.0,-7.0,0.0,0,0.0,0,0.0,2026-04-10,0.0,0.0
2026-04-10 10:35:58,102.0,-4.0,-9.0,-0.8,0,0.0,0,0.0,2026-04-10,0.0,0.0
2026-04-10 10:40:59,101.0,-1.0,-9.0,-0.2,0,0.0,0,0.0,2026-04-10,0.0,0.0
2026-04-10 10:45:59,99.0,-2.0,-13.0,-0.4,0,0.0,0,0.0,2026-04-10,0.0,0.0
2026-04-10 10:50:59,107.0,8.0,-2.0,1.6,0,0.0,0,0.0,2026-04-10,0.0,0.0
2026-04-10 10:55:58,124.0,17.0,18.0,3.4,0,0.0,0,0.0,2026-04-10,0.0,0.0
2026-04-10 11:00:59,149.0,25.0,43.0,5.0,1,51.6,0,0.0,2026-04-10,0.0,0.0
2026-04-10 11:05:59,166.0,17.0,64.0,3.4,1,76.8,0,0.0,2026-04-10,0.0,0.0
2026-04-10 11:10:59,176.0,10.0,75.0,2.0,1,90.0,0,0.0,2026-04-10,0.0,0.0
2026-04-10 11:15:59,185.0,9.0,86.0,1.8,1,103.2,0,0.0,2026-04-10,0.0,0.0
2026-04-10 11:20:59,197.0,12.0,90.0,2.4,1,108.0,0,0.0,2026-04-10,0.0,0.0
2026-04-10 11:25:59,205.0,8.0,81.0,1.6,1,97.2,0,0.0,2026-04-10,0.0,0.0
2026-04-10 11:30:59,213.0,8.0,64.0,1.6,1,76.8,0,0.0,2026-04-10,0.0,0.0
2026-04-10 11:35:59,217.0,4.0,51.0,0.8,1,61.199999999999996,0,0.0,2026-04-10,0.0,0.0
2026-04-10 11:40:58,219.0,2.0,43.0,0.4,1,51.6,0,0.0,2026-04-10,0.0,0.0
2026-04-10 11:45:59,219.0,0.0,34.0,0.0,1,40.8,0,0.0,2026-04-10,0.0,0.0
2026-04-10 11:50:59,209.0,-10.0,12.0,-2.0,0,0.0,0,0.0,2026-04-10,0.0,0.0
2026-04-10 11:55:59,205.0,-4.0,0.0,-0.8,0,0.0,0,0.0,2026-04-10,0.0,0.0
2026-04-10 12:00:59,209.0,4.0,-4.0,0.8,0,0.0,0,0.0,2026-04-10,0.0,0.0
2026-04-10 12:05:59,214.0,5.0,-3.0,1.0,0,0.0,0,0.0,2026-04-10,0.0,0.0
2026-04-10 12:10:59,213.0,-1.0,-6.0,-0.2,0,0.0,0,0.0,2026-04-10,0.0,0.0
2026-04-10 12:15:59,210.0,-3.0,-9.0,-0.6,0,0.0,0,0.0,2026-04-10,0.0,0.0
2026-04-10 12:20:59,206.0,-4.0,-3.0,-0.8,0,0.0,0,0.0,2026-04-10,0.0,0.0
2026-04-10 12:25:59,202.0,-4.0,-3.0,-0.8,0,0.0,0,0.0,2026-04-10,0.0,0.0
2026-04-10 12:30:59,196.0,-6.0,-13.0,-1.2,0,0.0,0,0.0,2026-04-10,0.0,0.0
2026-04-10 12:36:00,194.0,-2.0,-20.0,-0.4,0,0.0,0,0.0,2026-04-10,0.0,0.0
2026-04-10 12:40:59,197.0,3.0,-16.0,0.6,0,0.0,0,0.0,2026-04-10,0.0,0.0
2026-04-10 12:46:00,202.0,5.0,-8.0,1.0,0,0.0,0,0.0,2026-04-10,0.0,0.0
2026-04-10 12:50:59,211.0,9.0,5.0,1.8,0,0.0,0,0.0,2026-04-10,0.0,0.0
2026-04-10 12:55:59,216.0,5.0,14.0,1.0,0,0.0,0,0.0,2026-04-10,0.0,0.0
2026-04-10 13:01:00,226.0,10.0,30.0,2.0,0,0.0,0,0.0,2026-04-10,0.0,0.0
2026-04-10 13:05:59,230.0,4.0,36.0,0.8,1,43.199999999999996,0,0.0,2026-04-10,0.0,0.0
2026-04-10 13:10:59,231.0,1.0,34.0,0.2,1,40.8,0,0.0,2026-04-10,0.0,0.0
2026-04-10 13:15:59,243.0,12.0,41.0,2.4,1,49.199999999999996,0,0.0,2026-04-10,0.0,0.0
2026-04-10 13:21:00,244.0,1.0,33.0,0.2,1,39.6,0,0.0,2026-04-10,0.0,0.0
2026-04-10 13:26:05,233.0,-11.0,17.0,-2.2,0,0.0,0,0.0,2026-04-10,0.0,0.0
2026-04-10 13:30:59,245.0,12.0,19.0,2.4,0,0.0,0,0.0,2026-04-10,0.0,0.0
2026-04-10 13:36:00,260.0,15.0,30.0,3.0,0,0.0,0,0.0,2026-04-10,0.0,0.0
2026-04-10 13:40:59,269.0,9.0,38.0,1.8,1,45.6,0,0.0,2026-04-10,0.0,0.0
2026-04-10 13:46:00,277.0,8.0,34.0,1.6,1,40.8,0,0.0,2026-04-10,0.0,0.0
2026-04-10 13:51:00,285.0,8.0,41.0,1.6,1,49.199999999999996,0,0.0,2026-04-10,0.0,0.0
2026-04-10 13:56:00,291.0,6.0,58.0,1.2,1,69.6,0,0.0,2026-04-10,0.0,0.0
2026-04-10 14:00:59,296.0,5.0,51.0,1.0,1,61.199999999999996,0,0.0,2026-04-10,0.0,0.0
2026-04-10 14:05:59,295.0,-1.0,35.0,-0.2,1,42.0,0,0.0,2026-04-10,0.0,0.0
2026-04-10 14:11:00,288.0,-7.0,19.0,-1.4,0,0.0,0,0.0,2026-04-10,0.0,0.0
2026-04-10 14:16:00,294.0,6.0,17.0,1.2,0,0.0,0,0.0,2026-04-10,0.0,0.0
2026-04-10 14:21:00,300.0,6.0,15.0,1.2,0,0.0,0,0.0,2026-04-10,0.0,0.0
2026-04-10 14:25:59,308.0,8.0,17.0,1.6,0,0.0,0,0.0,2026-04-10,0.0,0.0
2026-04-10 14:30:59,317.0,9.0,21.0,1.8,0,0.0,0,0.0,2026-04-10,0.0,0.0
2026-04-10 14:36:00,325.0,8.0,30.0,1.6,0,0.0,0,0.0,2026-04-10,0.0,0.0
2026-04-10 14:41:00,336.0,11.0,48.0,2.2,1,57.599999999999994,0,0.0,2026-04-10,0.0,0.0
2026-04-10 14:45:59,338.0,2.0,44.0,0.4,1,52.8,0,0.0,2026-04-10,0.0,0.0
2026-04-10 14:51:00,352.0,14.0,52.0,2.8,1,62.4,0,0.0,2026-04-10,0.0,0.0
2026-04-10 14:56:00,353.0,1.0,45.0,0.2,1,54.0,0,0.0,2026-04-10,0.0,0.0
2026-04-10 15:01:00,356.0,3.0,39.0,0.6,1,46.8,0,0.0,2026-04-10,0.0,0.0
2026-04-10 15:06:00,369.0,13.0,44.0,2.6,1,52.8,0,0.0,2026-04-10,0.0,0.0
2026-04-10 15:11:00,371.0,2.0,35.0,0.4,1,42.0,0,0.0,2026-04-10,0.0,0.0
2026-04-10 15:15:59,380.0,9.0,42.0,1.8,1,50.4,0,0.0,2026-04-10,0.0,0.0
2026-04-10 15:21:00,384.0,4.0,32.0,0.8,1,38.4,0,0.0,2026-04-10,0.0,0.0
2026-04-10 15:26:00,383.0,-1.0,30.0,-0.2,0,0.0,0,0.0,2026-04-10,0.0,0.0
2026-04-10 15:31:00,370.0,-13.0,14.0,-2.6,0,0.0,0,0.0,2026-04-10,0.0,0.0
2026-04-10 15:36:00,353.0,-17.0,-16.0,-3.4,0,0.0,0,0.0,2026-04-10,0.0,0.0
2026-04-10 15:41:00,343.0,-10.0,-28.0,-2.0,0,0.0,0,0.0,2026-04-10,0.0,0.0
2026-04-10 15:46:00,327.0,-16.0,-53.0,-3.2,0,0.0,1,1.325,2026-04-10,0.0,0.0
2026-04-10 15:51:00,308.0,-19.0,-76.0,-3.8,0,0.0,1,1.9,2026-04-10,0.0,0.0
2026-04-10 15:56:00,293.0,-15.0,-90.0,-3.0,0,0.0,1,2.25,2026-04-10,0.0,0.0
2026-04-10 16:01:00,276.0,-17.0,-94.0,-3.4,0,0.0,1,2.35,2026-04-10,0.0,0.0
2026-04-10 16:06:00,263.0,-13.0,-90.0,-2.6,0,0.0,1,2.25,2026-04-10,0.0,0.0
2026-04-10 16:11:00,247.0,-16.0,-96.0,-3.2,0,0.0,1,2.4,2026-04-10,0.0,0.0
2026-04-10 16:15:59,232.0,-15.0,-95.0,-3.0,0,0.0,1,2.375,2026-04-10,0.0,0.0
2026-04-10 16:21:00,222.0,-10.0,-86.0,-2.0,0,0.0,1,2.15,2026-04-10,0.0,0.0
2026-04-10 16:26:00,197.0,-25.0,-96.0,-5.0,0,0.0,1,2.4,2026-04-10,0.0,0.0
2026-04-10 16:31:00,173.0,-24.0,-103.0,-4.8,0,0.0,1,2.575,2026-04-10,0.0,0.0
2026-04-10 16:36:00,158.0,-15.0,-105.0,-3.0,0,0.0,1,2.625,2026-04-10,0.0,0.0
2026-04-10 16:41:00,145.0,-13.0,-102.0,-2.6,0,0.0,1,2.55,2026-04-10,0.0,0.0
2026-04-10 16:46:00,137.0,-8.0,-95.0,-1.6,0,0.0,1,2.375,2026-04-10,0.0,0.0
2026-04-10 16:51:00,129.0,-8.0,-93.0,-1.6,0,0.0,1,2.325,2026-04-10,0.0,0.0
2026-04-10 16:56:00,118.0,-11.0,-79.0,-2.2,0,0.0,1,1.975,2026-04-10,0.0,0.0
2026-04-10 17:01:00,112.0,-6.0,-61.0,-1.2,0,0.0,1,1.525,2026-04-10,0.0,0.0
2026-04-10 17:06:00,108.0,-4.0,-50.0,-0.8,0,0.0,1,1.25,2026-04-10,0.0,0.0
2026-04-10 17:11:01,103.0,-5.0,-42.0,-1.0,0,0.0,1,1.05,2026-04-10,0.0,0.0
2026-04-10 17:16:01,98.0,-5.0,-39.0,-1.0,0,0.0,1,0.975,2026-04-10,0.0,0.0
2026-04-10 17:21:01,98.0,0.0,-31.0,0.0,0,0.0,1,0.775,2026-04-10,75.0,71.175
2026-04-10 17:26:00,93.0,-5.0,-25.0,-1.0,0,0.0,0,0.0,2026-04-10,0.0,0.0
2026-04-10 17:31:02,89.0,-4.0,-23.0,-0.8,0,0.0,0,0.0,2026-04-10,0.0,0.0
2026-04-10 17:36:01,87.0,-2.0,-21.0,-0.4,0,0.0,0,0.0,2026-04-10,0.0,0.0
2026-04-10 17:41:00,89.0,2.0,-14.0,0.4,0,0.0,0,0.0,2026-04-10,0.0,0.0
2026-04-10 17:46:00,91.0,2.0,-7.0,0.4,0,0.0,0,0.0,2026-04-10,0.0,0.0
2026-04-10 17:51:00,92.0,1.0,-6.0,0.2,0,0.0,0,0.0,2026-04-10,0.0,0.0
2026-04-10 17:56:01,93.0,1.0,0.0,0.2,0,0.0,0,0.0,2026-04-10,0.0,0.0
2026-04-10 18:01:00,96.0,3.0,7.0,0.6,0,0.0,0,0.0,2026-04-10,0.0,0.0
2026-04-10 18:06:00,97.0,1.0,10.0,0.2,0,0.0,0,0.0,2026-04-10,0.0,0.0
2026-04-10 18:11:01,89.0,-8.0,0.0,-1.6,0,0.0,0,0.0,2026-04-10,0.0,0.0
2026-04-10 18:16:00,83.0,-6.0,-8.0,-1.2,0,0.0,0,0.0,2026-04-10,0.0,0.0
2026-04-10 18:21:00,79.0,-4.0,-13.0,-0.8,0,0.0,0,0.0,2026-04-10,0.0,0.0
2026-04-10 18:26:01,78.0,-1.0,-15.0,-0.2,0,0.0,0,0.0,2026-04-10,0.0,0.0
2026-04-10 18:31:01,84.0,6.0,-12.0,1.2,0,0.0,0,0.0,2026-04-10,0.0,0.0
2026-04-10 18:36:00,86.0,2.0,-11.0,0.4,0,0.0,0,0.0,2026-04-10,0.0,0.0
2026-04-10 18:41:00,85.0,-1.0,-4.0,-0.2,0,0.0,0,0.0,2026-04-10,0.0,0.0
2026-04-10 18:46:01,86.0,1.0,3.0,0.2,0,0.0,0,0.0,2026-04-10,0.0,0.0
2026-04-10 18:51:01,89.0,3.0,10.0,0.6,0,0.0,0,0.0,2026-04-10,0.0,0.0
2026-04-10 18:56:00,83.0,-6.0,5.0,-1.2,0,0.0,0,0.0,2026-04-10,0.0,0.0
2026-04-10 19:01:01,84.0,1.0,0.0,0.2,0,0.0,0,0.0,2026-04-10,0.0,0.0
2026-04-10 19:06:01,91.0,7.0,5.0,1.4,0,0.0,0,0.0,2026-04-10,0.0,0.0
2026-04-10 19:11:01,90.0,-1.0,5.0,-0.2,0,0.0,0,0.0,2026-04-10,0.0,0.0
2026-04-10 19:16:01,93.0,3.0,7.0,0.6,0,0.0,0,0.0,2026-04-10,0.0,0.0
2026-04-10 19:21:01,95.0,2.0,6.0,0.4,0,0.0,0,0.0,2026-04-10,0.0,0.0
2026-04-10 19:26:01,94.0,-1.0,11.0,-0.2,0,0.0,0,0.0,2026-04-10,0.0,0.0
2026-04-10 19:31:00,89.0,-5.0,5.0,-1.0,0,0.0,0,0.0,2026-04-10,0.0,0.0
2026-04-10 19:36:01,82.0,-7.0,-9.0,-1.4,0,0.0,0,0.0,2026-04-10,0.0,0.0
2026-04-10 19:41:01,82.0,0.0,-8.0,0.0,0,0.0,0,0.0,2026-04-10,0.0,0.0
2026-04-10 19:46:01,84.0,2.0,-9.0,0.4,0,0.0,0,0.0,2026-04-10,0.0,0.0
2026-04-10 19:51:01,76.0,-8.0,-19.0,-1.6,0,0.0,0,0.0,2026-04-10,0.0,0.0
2026-04-10 19:56:01,68.0,-8.0,-26.0,-1.6,0,0.0,0,0.0,2026-04-10,0.0,0.0
2026-04-10 20:01:00,64.0,-4.0,-25.0,-0.8,0,0.0,0,0.0,2026-04-10,0.0,0.0
2026-04-10 20:06:01,60.0,-4.0,-22.0,-0.8,0,0.0,0,0.0,2026-04-10,0.0,0.0
2026-04-10 20:11:00,63.0,3.0,-19.0,0.6,0,0.0,0,0.0,2026-04-10,0.0,0.0
2026-04-10 20:16:01,67.0,4.0,-17.0,0.8,0,0.0,0,0.0,2026-04-10,0.0,0.0
2026-04-10 20:21:01,68.0,1.0,-8.0,0.2,0,0.0,0,0.0,2026-04-10,0.0,0.0
2026-04-10 20:26:00,74.0,6.0,6.0,1.2,0,0.0,0,0.0,2026-04-10,0.0,0.0
2026-04-10 20:31:01,78.0,4.0,14.0,0.8,0,0.0,0,0.0,2026-04-10,0.0,0.0
2026-04-10 20:36:01,76.0,-2.0,16.0,-0.4,0,0.0,0,0.0,2026-04-10,0.0,0.0
2026-04-10 20:41:01,75.0,-1.0,12.0,-0.2,0,0.0,0,0.0,2026-04-10,0.0,0.0
2026-04-10 20:46:01,71.0,-4.0,4.0,-0.8,0,0.0,0,0.0,2026-04-10,0.0,0.0
2026-04-10 20:51:01,67.0,-4.0,-1.0,-0.8,0,0.0,0,0.0,2026-04-10,0.0,0.0
2026-04-10 20:56:01,64.0,-3.0,-10.0,-0.6,0,0.0,0,0.0,2026-04-10,0.0,0.0
2026-04-10 21:01:01,59.0,-5.0,-19.0,-1.0,0,0.0,0,0.0,2026-04-10,0.0,0.0
2026-04-10 21:06:01,58.0,-1.0,-18.0,-0.2,0,0.0,0,0.0,2026-04-10,0.0,0.0
2026-04-10 21:11:02,59.0,1.0,-16.0,0.2,0,0.0,0,0.0,2026-04-10,0.0,0.0
2026-04-10 21:16:01,60.0,1.0,-11.0,0.2,0,0.0,0,0.0,2026-04-10,0.0,0.0
2026-04-10 21:21:01,63.0,3.0,-4.0,0.6,0,0.0,0,0.0,2026-04-10,0.0,0.0
2026-04-10 21:26:01,60.0,-3.0,-4.0,-0.6,0,0.0,0,0.0,2026-04-10,0.0,0.0
2026-04-10 21:31:01,60.0,0.0,1.0,0.0,0,0.0,0,0.0,2026-04-10,0.0,0.0
2026-04-10 21:36:01,65.0,5.0,7.0,1.0,0,0.0,0,0.0,2026-04-10,0.0,0.0
2026-04-10 21:41:01,64.0,-1.0,5.0,-0.2,0,0.0,0,0.0,2026-04-10,0.0,0.0
2026-04-10 21:46:02,66.0,2.0,6.0,0.4,0,0.0,0,0.0,2026-04-10,0.0,0.0
2026-04-10 21:51:01,67.0,1.0,4.0,0.2,0,0.0,0,0.0,2026-04-10,0.0,0.0
2026-04-10 21:56:01,73.0,6.0,13.0,1.2,0,0.0,0,0.0,2026-04-10,0.0,0.0
2026-04-10 22:01:01,71.0,-2.0,11.0,-0.4,0,0.0,0,0.0,2026-04-10,0.0,0.0
2026-04-10 22:06:01,73.0,2.0,8.0,0.4,0,0.0,0,0.0,2026-04-10,0.0,0.0
2026-04-10 22:11:01,93.0,20.0,29.0,4.0,0,0.0,0,0.0,2026-04-10,0.0,0.0
2026-04-10 22:16:01,109.0,16.0,43.0,3.2,1,51.6,0,0.0,2026-04-10,0.0,0.0
2026-04-10 22:21:01,113.0,4.0,46.0,0.8,1,55.199999999999996,0,0.0,2026-04-10,0.0,0.0
2026-04-10 22:26:01,112.0,-1.0,39.0,-0.2,1,46.8,0,0.0,2026-04-10,0.0,0.0
2026-04-10 22:31:02,125.0,13.0,54.0,2.6,1,64.8,0,0.0,2026-04-10,0.0,0.0
2026-04-10 22:36:01,140.0,15.0,67.0,3.0,1,80.39999999999999,0,0.0,2026-04-10,0.0,0.0
2026-04-10 22:41:01,135.0,-5.0,42.0,-1.0,1,50.4,0,0.0,2026-04-10,0.0,0.0
2026-04-10 22:46:01,144.0,9.0,35.0,1.8,1,42.0,0,0.0,2026-04-10,0.0,0.0
2026-04-10 22:51:01,160.0,16.0,47.0,3.2,1,56.4,0,0.0,2026-04-10,0.0,0.0
2026-04-10 22:56:01,176.0,16.0,64.0,3.2,1,76.8,0,0.0,2026-04-10,0.0,0.0
2026-04-10 23:01:02,187.0,11.0,62.0,2.2,1,74.39999999999999,0,0.0,2026-04-10,0.0,0.0
2026-04-10 23:06:01,200.0,13.0,60.0,2.6,1,72.0,0,0.0,2026-04-10,0.0,0.0
2026-04-10 23:11:01,208.0,8.0,73.0,1.6,1,87.6,0,0.0,2026-04-10,0.0,0.0
2026-04-10 23:16:01,211.0,3.0,67.0,0.6,1,80.39999999999999,0,0.0,2026-04-10,0.0,0.0
2026-04-10 23:21:01,222.0,11.0,62.0,2.2,1,74.39999999999999,0,0.0,2026-04-10,0.0,0.0
2026-04-10 23:26:02,230.0,8.0,54.0,1.6,1,64.8,0,0.0,2026-04-10,0.0,0.0
2026-04-10 23:31:01,233.0,3.0,46.0,0.6,1,55.199999999999996,0,0.0,2026-04-10,75.0,0.0
2026-04-10 23:36:01,225.0,-8.0,25.0,-1.6,0,0.0,0,0.0,2026-04-10,0.0,0.0
2026-04-10 23:41:01,215.0,-10.0,7.0,-2.0,0,0.0,0,0.0,2026-04-10,0.0,0.0
2026-04-10 23:46:02,213.0,-2.0,2.0,-0.4,0,0.0,0,0.0,2026-04-10,0.0,0.0
2026-04-10 23:51:01,215.0,2.0,-7.0,0.4,0,0.0,0,0.0,2026-04-10,0.0,0.0
2026-04-10 23:56:02,216.0,1.0,-14.0,0.2,0,0.0,0,0.0,2026-04-10,0.0,0.0
2026-04-11 00:01:01,218.0,2.0,-15.0,0.4,0,0.0,0,0.0,2026-04-11,0.0,0.0
2026-04-11 00:06:01,219.0,1.0,-6.0,0.2,0,0.0,0,0.0,2026-04-11,0.0,0.0
2026-04-11 00:11:01,217.0,-2.0,2.0,-0.4,0,0.0,0,0.0,2026-04-11,0.0,0.0
2026-04-11 00:16:02,219.0,2.0,6.0,0.4,0,0.0,0,0.0,2026-04-11,0.0,0.0
2026-04-11 00:21:02,217.0,-2.0,2.0,-0.4,0,0.0,0,0.0,2026-04-11,0.0,0.0
2026-04-11 00:26:01,215.0,-2.0,-1.0,-0.4,0,0.0,0,0.0,2026-04-11,0.0,0.0
2026-04-11 00:31:02,214.0,-1.0,-4.0,-0.2,0,0.0,0,0.0,2026-04-11,0.0,0.0
2026-04-11 00:36:02,209.0,-5.0,-10.0,-1.0,0,0.0,0,0.0,2026-04-11,0.0,0.0
2026-04-11 00:41:02,203.0,-6.0,-14.0,-1.2,0,0.0,0,0.0,2026-04-11,0.0,0.0
2026-04-11 00:46:02,214.0,11.0,-5.0,2.2,0,0.0,0,0.0,2026-04-11,0.0,0.0
2026-04-11 00:51:01,222.0,8.0,5.0,1.6,0,0.0,0,0.0,2026-04-11,0.0,0.0
2026-04-11 00:56:02,223.0,1.0,8.0,0.2,0,0.0,0,0.0,2026-04-11,0.0,0.0
2026-04-11 01:01:02,217.0,-6.0,3.0,-1.2,0,0.0,0,0.0,2026-04-11,0.0,0.0
2026-04-11 01:06:01,210.0,-7.0,1.0,-1.4,0,0.0,0,0.0,2026-04-11,0.0,0.0
2026-04-11 01:11:02,212.0,2.0,9.0,0.4,0,0.0,0,0.0,2026-04-11,0.0,0.0
2026-04-11 01:16:01,215.0,3.0,1.0,0.6,0,0.0,0,0.0,2026-04-11,0.0,0.0
2026-04-11 01:21:02,214.0,-1.0,-8.0,-0.2,0,0.0,0,0.0,2026-04-11,0.0,0.0
2026-04-11 01:26:02,214.0,0.0,-9.0,0.0,0,0.0,0,0.0,2026-04-11,0.0,0.0
2026-04-11 01:31:01,213.0,-1.0,-4.0,-0.2,0,0.0,0,0.0,2026-04-11,0.0,0.0
2026-04-11 01:36:02,212.0,-1.0,2.0,-0.2,0,0.0,0,0.0,2026-04-11,0.0,0.0
2026-04-11 01:41:02,212.0,0.0,0.0,0.0,0,0.0,0,0.0,2026-04-11,0.0,0.0
2026-04-11 01:46:03,211.0,-1.0,-4.0,-0.2,0,0.0,0,0.0,2026-04-11,0.0,0.0
2026-04-11 01:51:02,210.0,-1.0,-4.0,-0.2,0,0.0,0,0.0,2026-04-11,0.0,0.0
2026-04-11 01:56:01,208.0,-2.0,-6.0,-0.4,0,0.0,0,0.0,2026-04-11,0.0,0.0
2026-04-11 02:01:01,207.0,-1.0,-6.0,-0.2,0,0.0,0,0.0,2026-04-11,0.0,0.0
2026-04-11 02:06:01,206.0,-1.0,-6.0,-0.2,0,0.0,0,0.0,2026-04-11,0.0,0.0
2026-04-11 02:11:02,203.0,-3.0,-9.0,-0.6,0,0.0,0,0.0,2026-04-11,0.0,0.0
2026-04-11 02:16:01,200.0,-3.0,-11.0,-0.6,0,0.0,0,0.0,2026-04-11,0.0,0.0
2026-04-11 02:21:01,201.0,1.0,-9.0,0.2,0,0.0,0,0.0,2026-04-11,0.0,0.0
2026-04-11 02:26:02,201.0,0.0,-7.0,0.0,0,0.0,0,0.0,2026-04-11,0.0,0.0
2026-04-11 02:31:02,200.0,-1.0,-7.0,-0.2,0,0.0,0,0.0,2026-04-11,0.0,0.0
2026-04-11 02:36:02,199.0,-1.0,-7.0,-0.2,0,0.0,0,0.0,2026-04-11,0.0,0.0
2026-04-11 02:41:02,199.0,0.0,-4.0,0.0,0,0.0,0,0.0,2026-04-11,0.0,0.0
2026-04-11 02:46:01,199.0,0.0,-1.0,0.0,0,0.0,0,0.0,2026-04-11,0.0,0.0
2026-04-11 02:51:02,198.0,-1.0,-3.0,-0.2,0,0.0,0,0.0,2026-04-11,0.0,0.0
2026-04-11 02:56:02,198.0,0.0,-3.0,0.0,0,0.0,0,0.0,2026-04-11,0.0,0.0
2026-04-11 03:01:02,198.0,0.0,-2.0,0.0,0,0.0,0,0.0,2026-04-11,0.0,0.0
2026-04-11 03:06:02,199.0,1.0,0.0,0.2,0,0.0,0,0.0,2026-04-11,0.0,0.0
2026-04-11 03:11:02,200.0,1.0,1.0,0.2,0,0.0,0,0.0,2026-04-11,0.0,0.0
2026-04-11 03:16:02,201.0,1.0,2.0,0.2,0,0.0,0,0.0,2026-04-11,0.0,0.0
2026-04-11 03:21:02,202.0,1.0,4.0,0.2,0,0.0,0,0.0,2026-04-11,0.0,0.0
2026-04-11 03:26:02,203.0,1.0,5.0,0.2,0,0.0,0,0.0,2026-04-11,0.0,0.0
2026-04-11 03:31:02,204.0,1.0,6.0,0.2,0,0.0,0,0.0,2026-04-11,0.0,0.0
2026-04-11 03:36:02,208.0,4.0,9.0,0.8,0,0.0,0,0.0,2026-04-11,0.0,0.0
2026-04-11 03:41:02,213.0,5.0,13.0,1.0,0,0.0,0,0.0,2026-04-11,0.0,0.0
2026-04-11 03:46:03,214.0,1.0,13.0,0.2,0,0.0,0,0.0,2026-04-11,0.0,0.0
2026-04-11 03:51:02,215.0,1.0,13.0,0.2,0,0.0,0,0.0,2026-04-11,0.0,0.0
2026-04-11 03:56:02,215.0,0.0,12.0,0.0,0,0.0,0,0.0,2026-04-11,0.0,0.0
2026-04-11 04:01:02,217.0,2.0,13.0,0.4,0,0.0,0,0.0,2026-04-11,0.0,0.0
2026-04-11 04:06:02,220.0,3.0,12.0,0.6,0,0.0,0,0.0,2026-04-11,0.0,0.0
2026-04-11 04:11:02,221.0,1.0,8.0,0.2,0,0.0,0,0.0,2026-04-11,0.0,0.0
2026-04-11 04:16:02,222.0,1.0,8.0,0.2,0,0.0,0,0.0,2026-04-11,0.0,0.0
2026-04-11 04:21:03,224.0,2.0,9.0,0.4,0,0.0,0,0.0,2026-04-11,0.0,0.0
2026-04-11 04:26:02,226.0,2.0,11.0,0.4,0,0.0,0,0.0,2026-04-11,0.0,0.0
2026-04-11 04:31:03,228.0,2.0,11.0,0.4,0,0.0,0,0.0,2026-04-11,0.0,0.0
2026-04-11 04:36:02,232.0,4.0,12.0,0.8,0,0.0,0,0.0,2026-04-11,0.0,0.0
2026-04-11 04:41:03,235.0,3.0,14.0,0.6,0,0.0,0,0.0,2026-04-11,0.0,0.0
2026-04-11 04:46:03,239.0,4.0,17.0,0.8,0,0.0,0,0.0,2026-04-11,0.0,0.0
2026-04-11 04:51:03,234.0,-5.0,10.0,-1.0,0,0.0,0,0.0,2026-04-11,0.0,0.0
2026-04-11 04:56:03,234.0,0.0,8.0,0.0,0,0.0,0,0.0,2026-04-11,0.0,0.0
2026-04-11 05:01:02,242.0,8.0,14.0,1.6,0,0.0,0,0.0,2026-04-11,0.0,0.0
2026-04-11 05:06:03,246.0,4.0,14.0,0.8,0,0.0,0,0.0,2026-04-11,0.0,0.0
2026-04-11 05:11:02,253.0,7.0,18.0,1.4,0,0.0,0,0.0,2026-04-11,0.0,0.0
2026-04-11 05:16:02,257.0,4.0,18.0,0.8,0,0.0,0,0.0,2026-04-11,0.0,0.0
2026-04-11 05:21:02,259.0,2.0,25.0,0.4,0,0.0,0,0.0,2026-04-11,0.0,0.0
2026-04-11 05:26:03,262.0,3.0,28.0,0.6,0,0.0,0,0.0,2026-04-11,0.0,0.0
2026-04-11 05:31:03,265.0,3.0,23.0,0.6,0,0.0,0,0.0,2026-04-11,0.0,0.0
2026-04-11 05:36:03,268.0,3.0,22.0,0.6,0,0.0,0,0.0,2026-04-11,0.0,0.0
2026-04-11 05:41:02,272.0,4.0,19.0,0.8,0,0.0,0,0.0,2026-04-11,0.0,0.0
2026-04-11 05:46:02,275.0,3.0,18.0,0.6,0,0.0,0,0.0,2026-04-11,0.0,0.0
2026-04-11 05:51:03,276.0,1.0,17.0,0.2,0,0.0,0,0.0,2026-04-11,0.0,0.0
2026-04-11 05:56:02,279.0,3.0,17.0,0.6,0,0.0,0,0.0,2026-04-11,0.0,0.0
2026-04-11 06:01:03,281.0,2.0,16.0,0.4,0,0.0,0,0.0,2026-04-11,0.0,0.0
2026-04-11 06:06:03,284.0,3.0,16.0,0.6,0,0.0,0,0.0,2026-04-11,0.0,0.0
2026-04-11 06:11:03,286.0,2.0,14.0,0.4,0,0.0,0,0.0,2026-04-11,0.0,0.0
2026-04-11 06:16:03,288.0,2.0,13.0,0.4,0,0.0,0,0.0,2026-04-11,0.0,0.0
2026-04-11 06:21:03,291.0,3.0,15.0,0.6,0,0.0,0,0.0,2026-04-11,0.0,0.0
2026-04-11 06:26:03,293.0,2.0,14.0,0.4,0,0.0,0,0.0,2026-04-11,0.0,0.0
2026-04-11 06:31:03,299.0,6.0,18.0,1.2,0,0.0,0,0.0,2026-04-11,0.0,0.0
2026-04-11 06:36:02,305.0,6.0,21.0,1.2,0,0.0,0,0.0,2026-04-11,0.0,0.0
2026-04-11 06:41:02,308.0,3.0,22.0,0.6,0,0.0,0,0.0,2026-04-11,0.0,0.0
2026-04-11 06:46:03,312.0,4.0,24.0,0.8,0,0.0,0,0.0,2026-04-11,0.0,0.0
2026-04-11 06:51:03,313.0,1.0,22.0,0.2,0,0.0,0,0.0,2026-04-11,0.0,0.0
2026-04-11 06:56:03,313.0,0.0,20.0,0.0,0,0.0,0,0.0,2026-04-11,0.0,0.0
2026-04-11 07:01:03,316.0,3.0,17.0,0.6,0,0.0,0,0.0,2026-04-11,0.0,0.0
2026-04-11 07:06:03,319.0,3.0,14.0,0.6,0,0.0,0,0.0,2026-04-11,0.0,0.0
2026-04-11 07:11:03,319.0,0.0,11.0,0.0,0,0.0,0,0.0,2026-04-11,0.0,0.0
2026-04-11 07:16:02,319.0,0.0,7.0,0.0,0,0.0,0,0.0,2026-04-11,0.0,0.0
2026-04-11 07:21:03,321.0,2.0,8.0,0.4,0,0.0,0,0.0,2026-04-11,0.0,0.0
2026-04-11 07:26:03,323.0,2.0,10.0,0.4,0,0.0,0,0.0,2026-04-11,0.0,0.0
2026-04-11 07:31:03,323.0,0.0,7.0,0.0,0,0.0,0,0.0,2026-04-11,0.0,0.0
2026-04-11 07:36:02,323.0,0.0,4.0,0.0,0,0.0,0,0.0,2026-04-11,0.0,0.0
2026-04-11 07:41:03,325.0,2.0,6.0,0.4,0,0.0,0,0.0,2026-04-11,0.0,0.0
2026-04-11 07:46:03,326.0,1.0,7.0,0.2,0,0.0,0,0.0,2026-04-11,0.0,0.0
2026-04-11 07:51:03,328.0,2.0,7.0,0.4,0,0.0,0,0.0,2026-04-11,0.0,0.0
2026-04-11 07:56:03,329.0,1.0,6.0,0.2,0,0.0,0,0.0,2026-04-11,0.0,0.0
2026-04-11 08:01:03,330.0,1.0,7.0,0.2,0,0.0,0,0.0,2026-04-11,0.0,0.0
2026-04-11 08:06:03,323.0,-7.0,0.0,-1.4,0,0.0,0,0.0,2026-04-11,0.0,0.0
2026-04-11 08:11:03,325.0,2.0,0.0,0.4,0,0.0,0,0.0,2026-04-11,0.0,0.0
2026-04-11 08:16:03,336.0,11.0,10.0,2.2,0,0.0,0,0.0,2026-04-11,0.0,0.0
2026-04-11 08:21:03,342.0,6.0,14.0,1.2,0,0.0,0,0.0,2026-04-11,0.0,0.0
2026-04-11 08:26:03,339.0,-3.0,10.0,-0.6,0,0.0,0,0.0,2026-04-11,0.0,0.0
2026-04-11 08:31:03,342.0,3.0,12.0,0.6,0,0.0,0,0.0,2026-04-11,0.0,0.0
2026-04-11 08:36:03,344.0,2.0,21.0,0.4,0,0.0,0,0.0,2026-04-11,0.0,0.0
2026-04-11 08:41:03,345.0,1.0,20.0,0.2,0,0.0,0,0.0,2026-04-11,0.0,0.0
2026-04-11 08:46:03,340.0,-5.0,4.0,-1.0,0,0.0,0,0.0,2026-04-11,0.0,0.0
2026-04-11 08:51:03,343.0,3.0,1.0,0.6,0,0.0,0,0.0,2026-04-11,0.0,0.0
2026-04-11 08:56:03,341.0,-2.0,2.0,-0.4,0,0.0,0,0.0,2026-04-11,0.0,0.0
2026-04-11 09:01:03,328.0,-13.0,-14.0,-2.6,0,0.0,0,0.0,2026-04-11,0.0,0.0
2026-04-11 09:06:03,315.0,-13.0,-29.0,-2.6,0,0.0,0,0.0,2026-04-11,0.0,0.0
2026-04-11 09:11:04,318.0,3.0,-27.0,0.6,0,0.0,0,0.0,2026-04-11,0.0,0.0
2026-04-11 09:16:03,302.0,-16.0,-38.0,-3.2,0,0.0,1,0.95,2026-04-11,0.0,0.0
2026-04-11 09:21:03,292.0,-10.0,-51.0,-2.0,0,0.0,1,1.275,2026-04-11,0.0,0.0
2026-04-11 09:26:04,281.0,-11.0,-60.0,-2.2,0,0.0,1,1.5,2026-04-11,0.0,0.0
2026-04-11 09:31:03,267.0,-14.0,-61.0,-2.8,0,0.0,1,1.525,2026-04-11,0.0,0.0
2026-04-11 09:36:03,255.0,-12.0,-60.0,-2.4,0,0.0,1,1.5,2026-04-11,0.0,0.0
2026-04-11 09:41:03,260.0,5.0,-58.0,1.0,0,0.0,1,1.45,2026-04-11,0.0,0.0
2026-04-11 09:46:03,271.0,11.0,-31.0,2.2,0,0.0,1,0.775,2026-04-11,0.0,0.0
2026-04-11 09:51:04,283.0,12.0,-9.0,2.4,0,0.0,0,0.0,2026-04-11,0.0,0.0
2026-04-11 09:56:04,290.0,7.0,9.0,1.4,0,0.0,0,0.0,2026-04-11,0.0,0.0
2026-04-11 10:01:04,284.0,-6.0,17.0,-1.2,0,0.0,0,0.0,2026-04-11,0.0,0.0
2026-04-11 10:06:04,292.0,8.0,37.0,1.6,1,44.4,0,0.0,2026-04-11,0.0,0.0
2026-04-11 10:11:03,295.0,3.0,35.0,0.6,1,42.0,0,0.0,2026-04-11,0.0,0.0
2026-04-11 10:16:03,298.0,3.0,27.0,0.6,0,0.0,0,0.0,2026-04-11,0.0,0.0
2026-04-11 10:21:04,308.0,10.0,25.0,2.0,0,0.0,0,0.0,2026-04-11,0.0,0.0
2026-04-11 10:26:04,318.0,10.0,28.0,2.0,0,0.0,0,0.0,2026-04-11,0.0,0.0
2026-04-11 10:31:03,326.0,8.0,42.0,1.6,1,50.4,0,0.0,2026-04-11,0.0,0.0
2026-04-11 10:36:04,311.0,-15.0,19.0,-3.0,0,0.0,0,0.0,2026-04-11,0.0,0.0
2026-04-11 10:41:04,302.0,-9.0,7.0,-1.8,0,0.0,0,0.0,2026-04-11,0.0,0.0
2026-04-11 10:46:03,296.0,-6.0,-2.0,-1.2,0,0.0,0,0.0,2026-04-11,0.0,0.0
2026-04-11 10:51:04,298.0,2.0,-10.0,0.4,0,0.0,0,0.0,2026-04-11,0.0,0.0
2026-04-11 10:56:04,292.0,-6.0,-26.0,-1.2,0,0.0,0,0.0,2026-04-11,0.0,0.0
2026-04-11 11:01:03,274.0,-18.0,-52.0,-3.6,0,0.0,1,1.3,2026-04-11,0.0,0.0
2026-04-11 11:06:04,254.0,-20.0,-57.0,-4.0,0,0.0,1,1.425,2026-04-11,0.0,0.0
2026-04-11 11:11:03,231.0,-23.0,-71.0,-4.6,0,0.0,1,1.775,2026-04-11,0.0,0.0
2026-04-11 11:16:04,214.0,-17.0,-82.0,-3.4,0,0.0,1,2.05,2026-04-11,0.0,0.0
2026-04-11 11:21:03,191.0,-23.0,-107.0,-4.6,0,0.0,1,2.675,2026-04-11,0.0,0.0
2026-04-11 11:26:03,173.0,-18.0,-119.0,-3.6,0,0.0,1,2.975,2026-04-11,0.0,0.0
2026-04-11 11:31:03,160.0,-13.0,-114.0,-2.6,0,0.0,1,2.85,2026-04-11,0.0,0.0
2026-04-11 11:36:04,162.0,2.0,-92.0,0.4,0,0.0,1,2.3,2026-04-11,0.0,0.0
2026-04-11 11:41:04,149.0,-13.0,-82.0,-2.6,0,0.0,1,2.05,2026-04-11,0.0,0.0
2026-04-11 11:46:03,135.0,-14.0,-79.0,-2.8,0,0.0,1,1.975,2026-04-11,0.0,0.0
2026-04-11 11:51:04,132.0,-3.0,-59.0,-0.6,0,0.0,1,1.475,2026-04-11,0.0,0.0
2026-04-11 11:56:05,102.0,-30.0,-71.0,-6.0,0,0.0,1,1.775,2026-04-11,0.0,0.0
2026-04-11 12:01:04,94.0,-8.0,-66.0,-1.6,0,0.0,1,1.65,2026-04-11,0.0,0.0
2026-04-11 12:06:03,96.0,2.0,-66.0,0.4,0,0.0,1,1.65,2026-04-11,0.0,0.0
2026-04-11 12:11:04,104.0,8.0,-45.0,1.6,0,0.0,1,1.125,2026-04-11,0.0,0.0
2026-04-11 12:16:04,112.0,8.0,-23.0,1.6,0,0.0,0,0.0,2026-04-11,0.0,0.0
2026-04-11 12:21:04,120.0,8.0,-12.0,1.6,0,0.0,0,0.0,2026-04-11,0.0,0.0
2026-04-11 12:26:04,123.0,3.0,21.0,0.6,0,0.0,0,0.0,2026-04-11,0.0,0.0
2026-04-11 12:31:04,120.0,-3.0,26.0,-0.6,0,0.0,0,0.0,2026-04-11,0.0,0.0
2026-04-11 12:36:04,121.0,1.0,25.0,0.2,0,0.0,0,0.0,2026-04-11,0.0,0.0
2026-04-11 12:41:04,123.0,2.0,19.0,0.4,0,0.0,0,0.0,2026-04-11,0.0,0.0
2026-04-11 12:46:04,113.0,-10.0,1.0,-2.0,0,0.0,0,0.0,2026-04-11,0.0,0.0
2026-04-11 12:51:04,105.0,-8.0,-15.0,-1.6,0,0.0,0,0.0,2026-04-11,0.0,0.0
2026-04-11 12:56:04,95.0,-10.0,-28.0,-2.0,0,0.0,0,0.0,2026-04-11,0.0,0.0
2026-04-11 13:01:04,91.0,-4.0,-29.0,-0.8,0,0.0,0,0.0,2026-04-11,0.0,0.0
2026-04-11 13:06:04,79.0,-12.0,-42.0,-2.4,0,0.0,1,1.05,2026-04-11,0.0,0.0
2026-04-11 13:11:04,65.0,-14.0,-58.0,-2.8,0,0.0,1,1.45,2026-04-11,0.0,0.0
2026-04-11 13:16:03,63.0,-2.0,-50.0,-0.4,0,0.0,1,1.25,2026-04-11,0.0,0.0
2026-04-11 13:21:04,64.0,1.0,-41.0,0.2,0,0.0,1,1.025,2026-04-11,0.0,0.0
2026-04-11 13:26:04,64.0,0.0,-31.0,0.0,0,0.0,1,0.775,2026-04-11,0.0,0.0
2026-04-11 13:31:04,68.0,4.0,-23.0,0.8,0,0.0,0,0.0,2026-04-11,0.0,0.0
2026-04-11 13:36:04,77.0,9.0,-2.0,1.8,0,0.0,0,0.0,2026-04-11,0.0,0.0
2026-04-11 13:41:04,87.0,10.0,22.0,2.0,0,0.0,0,0.0,2026-04-11,0.0,0.0
2026-04-11 13:46:04,100.0,13.0,37.0,2.6,1,44.4,0,0.0,2026-04-11,0.0,0.0
2026-04-11 13:51:04,114.0,14.0,50.0,2.8,1,60.0,0,0.0,2026-04-11,0.0,0.0
2026-04-11 13:56:04,126.0,12.0,62.0,2.4,1,74.39999999999999,0,0.0,2026-04-11,0.0,0.0
2026-04-11 14:01:05,139.0,13.0,71.0,2.6,1,85.2,0,0.0,2026-04-11,0.0,0.0
2026-04-11 14:06:04,165.0,26.0,88.0,5.2,1,105.6,0,0.0,2026-04-11,0.0,0.0
2026-04-11 14:11:04,158.0,-7.0,71.0,-1.4,1,85.2,0,0.0,2026-04-11,0.0,0.0
2026-04-11 14:16:04,162.0,4.0,62.0,0.8,1,74.39999999999999,0,0.0,2026-04-11,0.0,0.0
2026-04-11 14:21:04,183.0,21.0,69.0,4.2,1,82.8,0,0.0,2026-04-11,0.0,0.0
2026-04-11 14:26:05,200.0,17.0,74.0,3.4,1,88.8,0,0.0,2026-04-11,0.0,0.0
2026-04-11 14:31:04,206.0,6.0,67.0,1.2,1,80.39999999999999,0,0.0,2026-04-11,0.0,0.0
2026-04-11 14:36:04,221.0,15.0,56.0,3.0,1,67.2,0,0.0,2026-04-11,0.0,0.0
2026-04-11 14:41:04,231.0,10.0,73.0,2.0,1,87.6,0,0.0,2026-04-11,0.0,0.0
2026-04-11 14:46:04,236.0,5.0,74.0,1.0,1,88.8,0,0.0,2026-04-11,0.0,0.0
2026-04-11 14:51:04,244.0,8.0,61.0,1.6,1,73.2,0,0.0,2026-04-11,0.0,0.0
2026-04-11 14:56:04,247.0,3.0,47.0,0.6,1,56.4,0,0.0,2026-04-11,0.0,0.0
2026-04-11 15:01:05,252.0,5.0,46.0,1.0,1,55.199999999999996,0,0.0,2026-04-11,0.0,0.0
2026-04-11 15:06:04,263.0,11.0,42.0,2.2,1,50.4,0,0.0,2026-04-11,0.0,0.0
2026-04-11 15:11:04,268.0,5.0,37.0,1.0,1,44.4,0,0.0,2026-04-11,0.0,0.0
2026-04-11 15:16:04,281.0,13.0,45.0,2.6,1,54.0,0,0.0,2026-04-11,0.0,0.0
2026-04-11 15:21:04,283.0,2.0,39.0,0.4,1,46.8,0,0.0,2026-04-11,0.0,0.0
2026-04-11 15:26:05,287.0,4.0,40.0,0.8,1,48.0,0,0.0,2026-04-11,0.0,0.0
2026-04-11 15:31:05,284.0,-3.0,32.0,-0.6,1,38.4,0,0.0,2026-04-11,0.0,0.0
2026-04-11 15:36:04,283.0,-1.0,20.0,-0.2,0,0.0,0,0.0,2026-04-11,0.0,0.0
2026-04-11 15:41:05,286.0,3.0,18.0,0.6,0,0.0,0,0.0,2026-04-11,0.0,0.0
2026-04-11 15:46:04,294.0,8.0,13.0,1.6,0,0.0,0,0.0,2026-04-11,0.0,0.0
2026-04-11 15:51:05,296.0,2.0,13.0,0.4,0,0.0,0,0.0,2026-04-11,0.0,0.0
2026-04-11 15:56:05,293.0,-3.0,6.0,-0.6,0,0.0,0,0.0,2026-04-11,0.0,0.0
2026-04-11 16:01:05,293.0,0.0,9.0,0.0,0,0.0,0,0.0,2026-04-11,0.0,0.0
2026-04-11 16:06:05,293.0,0.0,10.0,0.0,0,0.0,0,0.0,2026-04-11,0.0,0.0
2026-04-11 16:11:05,295.0,2.0,9.0,0.4,0,0.0,0,0.0,2026-04-11,0.0,0.0
2026-04-11 16:16:04,294.0,-1.0,0.0,-0.2,0,0.0,0,0.0,2026-04-11,0.0,0.0
2026-04-11 16:21:05,300.0,6.0,4.0,1.2,0,0.0,0,0.0,2026-04-11,0.0,0.0
2026-04-11 16:26:05,303.0,3.0,10.0,0.6,0,0.0,0,0.0,2026-04-11,0.0,0.0
2026-04-11 16:31:05,303.0,0.0,10.0,0.0,0,0.0,0,0.0,2026-04-11,0.0,0.0
2026-04-11 16:36:04,294.0,-9.0,1.0,-1.8,0,0.0,0,0.0,2026-04-11,0.0,0.0
2026-04-11 16:41:04,283.0,-11.0,-12.0,-2.2,0,0.0,0,0.0,2026-04-11,0.0,0.0
2026-04-11 16:46:05,274.0,-9.0,-20.0,-1.8,0,0.0,0,0.0,2026-04-11,0.0,0.0
2026-04-11 16:51:05,261.0,-13.0,-39.0,-2.6,0,0.0,1,0.975,2026-04-11,0.0,0.0
2026-04-11 16:56:04,246.0,-15.0,-57.0,-3.0,0,0.0,1,1.425,2026-04-11,0.0,0.0
2026-04-11 17:01:05,230.0,-16.0,-73.0,-3.2,0,0.0,1,1.825,2026-04-11,0.0,0.0
2026-04-11 17:06:05,218.0,-12.0,-76.0,-2.4,0,0.0,1,1.9,2026-04-11,0.0,0.0
2026-04-11 17:11:05,205.0,-13.0,-78.0,-2.6,0,0.0,1,1.95,2026-04-11,0.0,0.0
2026-04-11 17:16:05,194.0,-11.0,-80.0,-2.2,0,0.0,1,2.0,2026-04-11,0.0,0.0
2026-04-11 17:21:05,184.0,-10.0,-77.0,-2.0,0,0.0,1,1.925,2026-04-11,0.0,0.0
2026-04-11 17:26:04,177.0,-7.0,-69.0,-1.4,0,0.0,1,1.725,2026-04-11,0.0,0.0
2026-04-11 17:31:05,164.0,-13.0,-66.0,-2.6,0,0.0,1,1.65,2026-04-11,0.0,0.0
2026-04-11 17:36:05,153.0,-11.0,-65.0,-2.2,0,0.0,1,1.625,2026-04-11,0.0,0.0
2026-04-11 17:41:05,145.0,-8.0,-60.0,-1.6,0,0.0,1,1.5,2026-04-11,0.0,0.0
2026-04-11 17:46:05,137.0,-8.0,-57.0,-1.6,0,0.0,1,1.425,2026-04-11,0.0,0.0
2026-04-11 17:51:04,133.0,-4.0,-51.0,-0.8,0,0.0,1,1.275,2026-04-11,0.0,0.0
2026-04-11 17:56:05,127.0,-6.0,-50.0,-1.2,0,0.0,1,1.25,2026-04-11,0.0,0.0
2026-04-11 18:01:05,121.0,-6.0,-43.0,-1.2,0,0.0,1,1.075,2026-04-11,0.0,0.0
2026-04-11 18:06:05,116.0,-5.0,-37.0,-1.0,0,0.0,1,0.925,2026-04-11,0.0,0.0
2026-04-11 18:11:05,111.0,-5.0,-34.0,-1.0,0,0.0,1,0.85,2026-04-11,0.0,0.0
2026-04-11 18:16:05,106.0,-5.0,-31.0,-1.0,0,0.0,1,0.775,2026-04-11,0.0,0.0
2026-04-11 18:21:05,102.0,-4.0,-31.0,-0.8,0,0.0,1,0.775,2026-04-11,0.0,0.0
2026-04-11 18:26:05,97.0,-5.0,-30.0,-1.0,0,0.0,0,0.0,2026-04-11,0.0,0.0
2026-04-11 18:31:05,94.0,-3.0,-27.0,-0.6,0,0.0,0,0.0,2026-04-11,0.0,0.0
2026-04-11 18:36:05,90.0,-4.0,-26.0,-0.8,0,0.0,0,0.0,2026-04-11,0.0,0.0
2026-04-11 18:41:05,88.0,-2.0,-23.0,-0.4,0,0.0,0,0.0,2026-04-11,0.0,0.0
2026-04-11 18:46:05,93.0,5.0,-13.0,1.0,0,0.0,0,0.0,2026-04-11,0.0,0.0
2026-04-11 18:51:05,99.0,6.0,-3.0,1.2,0,0.0,0,0.0,2026-04-11,0.0,0.0
2026-04-11 18:56:05,102.0,3.0,5.0,0.6,0,0.0,0,0.0,2026-04-11,0.0,0.0
2026-04-11 19:01:05,109.0,7.0,15.0,1.4,0,0.0,0,0.0,2026-04-11,0.0,0.0
2026-04-11 19:06:06,111.0,2.0,21.0,0.4,0,0.0,0,0.0,2026-04-11,0.0,0.0
2026-04-11 19:11:05,123.0,12.0,35.0,2.4,1,42.0,0,0.0,2026-04-11,0.0,0.0
2026-04-11 19:16:05,144.0,21.0,51.0,4.2,1,61.199999999999996,0,0.0,2026-04-11,0.0,0.0
2026-04-11 19:21:05,160.0,16.0,61.0,3.2,1,73.2,0,0.0,2026-04-11,0.0,0.0
2026-04-11 19:26:05,177.0,17.0,75.0,3.4,1,90.0,0,0.0,2026-04-11,0.0,0.0
2026-04-11 19:31:05,195.0,18.0,86.0,3.6,1,103.2,0,0.0,2026-04-11,0.0,0.0
2026-04-11 19:36:05,211.0,16.0,100.0,3.2,1,120.0,0,0.0,2026-04-11,0.0,0.0
2026-04-11 19:41:05,222.0,11.0,99.0,2.2,1,118.8,0,0.0,2026-04-11,0.0,0.0
2026-04-11 19:46:06,241.0,19.0,97.0,3.8,1,116.39999999999999,0,0.0,2026-04-11,0.0,0.0
2026-04-11 19:51:05,257.0,16.0,97.0,3.2,1,116.39999999999999,0,0.0,2026-04-11,0.0,0.0
2026-04-11 19:56:05,261.0,4.0,84.0,0.8,1,100.8,0,0.0,2026-04-11,0.0,0.0
2026-04-11 20:01:07,271.0,10.0,76.0,2.0,1,91.2,0,0.0,2026-04-11,0.0,0.0
2026-04-11 20:06:06,274.0,3.0,63.0,0.6,1,75.6,0,0.0,2026-04-11,0.0,0.0
2026-04-11 20:11:05,280.0,6.0,58.0,1.2,1,69.6,0,0.0,2026-04-11,0.0,0.0
2026-04-11 20:16:05,283.0,3.0,42.0,0.6,1,50.4,0,0.0,2026-04-11,0.0,0.0
2026-04-11 20:21:06,291.0,8.0,34.0,1.6,1,40.8,0,0.0,2026-04-11,0.0,0.0
2026-04-11 20:26:05,305.0,14.0,44.0,2.8,1,52.8,0,0.0,2026-04-11,0.0,0.0
2026-04-11 20:31:06,311.0,6.0,40.0,1.2,1,48.0,0,0.0,2026-04-11,0.0,0.0
2026-04-11 20:36:06,317.0,6.0,43.0,1.2,1,51.6,0,0.0,2026-04-11,0.0,0.0
2026-04-11 20:41:06,330.0,13.0,50.0,2.6,1,60.0,0,0.0,2026-04-11,0.0,0.0
2026-04-11 20:46:05,331.0,1.0,48.0,0.2,1,57.599999999999994,0,0.0,2026-04-11,0.0,0.0
2026-04-11 20:51:05,330.0,-1.0,39.0,-0.2,1,46.8,0,0.0,2026-04-11,0.0,0.0
2026-04-11 20:56:05,331.0,1.0,26.0,0.2,0,0.0,0,0.0,2026-04-11,0.0,0.0
2026-04-11 21:01:05,320.0,-11.0,9.0,-2.2,0,0.0,0,0.0,2026-04-11,0.0,0.0
2026-04-11 21:06:05,329.0,9.0,12.0,1.8,0,0.0,0,0.0,2026-04-11,0.0,0.0
2026-04-11 21:11:05,330.0,1.0,0.0,0.2,0,0.0,0,0.0,2026-04-11,0.0,0.0
2026-04-11 21:16:05,310.0,-20.0,-21.0,-4.0,0,0.0,0,0.0,2026-04-11,0.0,0.0
2026-04-11 21:21:06,292.0,-18.0,-38.0,-3.6,0,0.0,1,0.95,2026-04-11,0.0,0.0
2026-04-11 21:26:06,279.0,-13.0,-52.0,-2.6,0,0.0,1,1.3,2026-04-11,0.0,0.0
2026-04-11 21:31:06,264.0,-15.0,-56.0,-3.0,0,0.0,1,1.4,2026-04-11,0.0,0.0
2026-04-11 21:36:05,249.0,-15.0,-80.0,-3.0,0,0.0,1,2.0,2026-04-11,0.0,0.0
2026-04-11 21:41:07,236.0,-13.0,-94.0,-2.6,0,0.0,1,2.35,2026-04-11,0.0,0.0
2026-04-11 21:46:07,220.0,-16.0,-90.0,-3.2,0,0.0,1,2.25,2026-04-11,0.0,0.0
2026-04-11 21:51:06,212.0,-8.0,-80.0,-1.6,0,0.0,1,2.0,2026-04-11,0.0,0.0
2026-04-11 21:56:06,204.0,-8.0,-75.0,-1.6,0,0.0,1,1.875,2026-04-11,0.0,0.0
2026-04-11 22:01:06,196.0,-8.0,-68.0,-1.6,0,0.0,1,1.7,2026-04-11,0.0,0.0
2026-04-11 22:06:06,188.0,-8.0,-61.0,-1.6,0,0.0,1,1.525,2026-04-11,0.0,0.0
2026-04-11 22:11:06,178.0,-10.0,-58.0,-2.0,0,0.0,1,1.45,2026-04-11,0.0,0.0
2026-04-11 22:16:06,172.0,-6.0,-48.0,-1.2,0,0.0,1,1.2,2026-04-11,0.0,0.0
2026-04-11 22:21:06,166.0,-6.0,-46.0,-1.2,0,0.0,1,1.15,2026-04-11,0.0,0.0
2026-04-11 22:26:06,151.0,-15.0,-53.0,-3.0,0,0.0,1,1.325,2026-04-11,0.0,0.0
2026-04-11 22:31:05,134.0,-17.0,-62.0,-3.4,0,0.0,1,1.55,2026-04-11,0.0,0.0
2026-04-11 22:36:06,134.0,0.0,-54.0,0.0,0,0.0,1,1.35,2026-04-11,0.0,0.0
2026-04-11 22:41:05,130.0,-4.0,-48.0,-0.8,0,0.0,1,1.2,2026-04-11,0.0,0.0
2026-04-11 22:46:06,147.0,17.0,-25.0,3.4,0,0.0,0,0.0,2026-04-11,0.0,0.0
2026-04-11 22:51:06,159.0,12.0,-7.0,2.4,0,0.0,0,0.0,2026-04-11,0.0,0.0
2026-04-11 22:56:06,132.0,-27.0,-19.0,-5.4,0,0.0,0,0.0,2026-04-11,0.0,0.0
2026-04-11 23:01:06,114.0,-18.0,-20.0,-3.6,0,0.0,0,0.0,2026-04-11,0.0,0.0
2026-04-11 23:06:06,106.0,-8.0,-28.0,-1.6,0,0.0,0,0.0,2026-04-11,0.0,0.0
2026-04-11 23:11:06,100.0,-6.0,-30.0,-1.2,0,0.0,0,0.0,2026-04-11,0.0,0.0
2026-04-11 23:16:06,92.0,-8.0,-55.0,-1.6,0,0.0,1,1.375,2026-04-11,0.0,0.0
2026-04-11 23:21:05,85.0,-7.0,-74.0,-1.4,0,0.0,1,1.85,2026-04-11,0.0,0.0
2026-04-11 23:26:05,78.0,-7.0,-54.0,-1.4,0,0.0,1,1.35,2026-04-11,0.0,0.0
2026-04-11 23:31:06,72.0,-6.0,-42.0,-1.2,0,0.0,1,1.05,2026-04-11,0.0,0.0
2026-04-11 23:36:06,65.0,-7.0,-41.0,-1.4,0,0.0,1,1.025,2026-04-11,0.0,0.0
2026-04-11 23:41:06,62.0,-3.0,-38.0,-0.6,0,0.0,1,0.95,2026-04-11,0.0,0.0
2026-04-11 23:46:06,60.0,-2.0,-32.0,-0.4,0,0.0,1,0.8,2026-04-11,75.0,105.40000000000002
2026-04-11 23:51:06,66.0,6.0,-19.0,1.2,0,0.0,0,0.0,2026-04-11,0.0,0.0
2026-04-11 23:56:06,71.0,5.0,-7.0,1.0,0,0.0,0,0.0,2026-04-11,0.0,0.0
2026-04-12 00:01:06,75.0,4.0,3.0,0.8,0,0.0,0,0.0,2026-04-12,0.0,0.0
2026-04-12 00:06:06,81.0,6.0,16.0,1.2,0,0.0,0,0.0,2026-04-12,0.0,0.0
2026-04-12 00:11:08,85.0,4.0,23.0,0.8,0,0.0,0,0.0,2026-04-12,0.0,0.0
2026-04-12 00:16:06,90.0,5.0,30.0,1.0,0,0.0,0,0.0,2026-04-12,0.0,0.0
2026-04-12 00:21:06,95.0,5.0,29.0,1.0,0,0.0,0,0.0,2026-04-12,0.0,0.0
2026-04-12 00:26:06,85.0,-10.0,14.0,-2.0,0,0.0,0,0.0,2026-04-12,0.0,0.0
2026-04-12 00:31:06,79.0,-6.0,4.0,-1.2,0,0.0,0,0.0,2026-04-12,0.0,0.0
2026-04-12 00:36:06,77.0,-2.0,-4.0,-0.4,0,0.0,0,0.0,2026-04-12,0.0,0.0
2026-04-12 00:41:06,78.0,1.0,-7.0,0.2,0,0.0,0,0.0,2026-04-12,0.0,0.0
2026-04-12 00:46:07,80.0,2.0,-10.0,0.4,0,0.0,0,0.0,2026-04-12,0.0,0.0
2026-04-12 00:51:06,77.0,-3.0,-18.0,-0.6,0,0.0,0,0.0,2026-04-12,0.0,0.0
2026-04-12 00:56:06,76.0,-1.0,-9.0,-0.2,0,0.0,0,0.0,2026-04-12,0.0,0.0
2026-04-12 01:01:06,80.0,4.0,1.0,0.8,0,0.0,0,0.0,2026-04-12,0.0,0.0
2026-04-12 01:06:06,84.0,4.0,7.0,0.8,0,0.0,0,0.0,2026-04-12,0.0,0.0
2026-04-12 01:11:06,83.0,-1.0,5.0,-0.2,0,0.0,0,0.0,2026-04-12,0.0,0.0
2026-04-12 01:16:06,80.0,-3.0,0.0,-0.6,0,0.0,0,0.0,2026-04-12,0.0,0.0
2026-04-12 01:21:06,78.0,-2.0,1.0,-0.4,0,0.0,0,0.0,2026-04-12,0.0,0.0
2026-04-12 01:26:06,76.0,-2.0,0.0,-0.4,0,0.0,0,0.0,2026-04-12,0.0,0.0
2026-04-12 01:31:06,74.0,-2.0,-6.0,-0.4,0,0.0,0,0.0,2026-04-12,0.0,0.0
2026-04-12 01:36:06,73.0,-1.0,-11.0,-0.2,0,0.0,0,0.0,2026-04-12,0.0,0.0
2026-04-12 01:41:06,72.0,-1.0,-11.0,-0.2,0,0.0,0,0.0,2026-04-12,0.0,0.0
2026-04-12 01:46:07,73.0,1.0,-7.0,0.2,0,0.0,0,0.0,2026-04-12,0.0,0.0
2026-04-12 01:51:06,72.0,-1.0,-6.0,-0.2,0,0.0,0,0.0,2026-04-12,0.0,0.0
2026-04-12 01:56:06,70.0,-2.0,-6.0,-0.4,0,0.0,0,0.0,2026-04-12,0.0,0.0
2026-04-12 02:01:06,66.0,-4.0,-8.0,-0.8,0,0.0,0,0.0,2026-04-12,0.0,0.0
2026-04-12 02:06:06,67.0,1.0,-6.0,0.2,0,0.0,0,0.0,2026-04-12,0.0,0.0
2026-04-12 02:11:07,69.0,2.0,-3.0,0.4,0,0.0,0,0.0,2026-04-12,0.0,0.0
2026-04-12 02:16:06,70.0,1.0,-3.0,0.2,0,0.0,0,0.0,2026-04-12,0.0,0.0
2026-04-12 02:21:06,72.0,2.0,0.0,0.4,0,0.0,0,0.0,2026-04-12,0.0,0.0
2026-04-12 02:26:06,73.0,1.0,3.0,0.2,0,0.0,0,0.0,2026-04-12,0.0,0.0
2026-04-12 02:31:07,72.0,-1.0,6.0,-0.2,0,0.0,0,0.0,2026-04-12,0.0,0.0
2026-04-12 02:36:07,72.0,0.0,5.0,0.0,0,0.0,0,0.0,2026-04-12,0.0,0.0
2026-04-12 02:41:07,71.0,-1.0,2.0,-0.2,0,0.0,0,0.0,2026-04-12,0.0,0.0
2026-04-12 02:46:07,70.0,-1.0,0.0,-0.2,0,0.0,0,0.0,2026-04-12,0.0,0.0
2026-04-12 02:51:07,69.0,-1.0,-3.0,-0.2,0,0.0,0,0.0,2026-04-12,0.0,0.0
2026-04-12 02:56:07,67.0,-2.0,-6.0,-0.4,0,0.0,0,0.0,2026-04-12,0.0,0.0
2026-04-12 03:01:07,66.0,-1.0,-6.0,-0.2,0,0.0,0,0.0,2026-04-12,0.0,0.0
2026-04-12 03:06:06,65.0,-1.0,-7.0,-0.2,0,0.0,0,0.0,2026-04-12,0.0,0.0
2026-04-12 03:11:06,63.0,-2.0,-8.0,-0.4,0,0.0,0,0.0,2026-04-12,0.0,0.0
2026-04-12 03:16:07,61.0,-2.0,-9.0,-0.4,0,0.0,0,0.0,2026-04-12,0.0,0.0
2026-04-12 03:21:06,59.0,-2.0,-10.0,-0.4,0,0.0,0,0.0,2026-04-12,0.0,0.0
2026-04-12 03:26:07,58.0,-1.0,-9.0,-0.2,0,0.0,0,0.0,2026-04-12,0.0,0.0
2026-04-12 03:31:07,57.0,-1.0,-9.0,-0.2,0,0.0,0,0.0,2026-04-12,0.0,0.0
2026-04-12 03:36:07,56.0,-1.0,-9.0,-0.2,0,0.0,0,0.0,2026-04-12,0.0,0.0
2026-04-12 03:41:07,56.0,0.0,-7.0,0.0,0,0.0,0,0.0,2026-04-12,0.0,0.0
2026-04-12 03:46:06,55.0,-1.0,-6.0,-0.2,0,0.0,0,0.0,2026-04-12,0.0,0.0
2026-04-12 03:51:07,54.0,-1.0,-5.0,-0.2,0,0.0,0,0.0,2026-04-12,0.0,0.0
2026-04-12 03:56:07,54.0,0.0,-4.0,0.0,0,0.0,0,0.0,2026-04-12,0.0,0.0
2026-04-12 04:01:07,55.0,1.0,-2.0,0.2,0,0.0,0,0.0,2026-04-12,0.0,0.0
2026-04-12 04:06:07,55.0,0.0,-1.0,0.0,0,0.0,0,0.0,2026-04-12,0.0,0.0
2026-04-12 04:11:08,59.0,4.0,3.0,0.8,0,0.0,0,0.0,2026-04-12,0.0,0.0
2026-04-12 04:16:06,60.0,1.0,5.0,0.2,0,0.0,0,0.0,2026-04-12,0.0,0.0
2026-04-12 04:21:07,61.0,1.0,7.0,0.2,0,0.0,0,0.0,2026-04-12,0.0,0.0
2026-04-12 04:26:07,62.0,1.0,8.0,0.2,0,0.0,0,0.0,2026-04-12,0.0,0.0
2026-04-12 04:31:07,64.0,2.0,9.0,0.4,0,0.0,0,0.0,2026-04-12,0.0,0.0
2026-04-12 04:36:07,65.0,1.0,10.0,0.2,0,0.0,0,0.0,2026-04-12,0.0,0.0
2026-04-12 04:41:07,65.0,0.0,6.0,0.0,0,0.0,0,0.0,2026-04-12,0.0,0.0
2026-04-12 04:46:07,66.0,1.0,6.0,0.2,0,0.0,0,0.0,2026-04-12,0.0,0.0
2026-04-12 04:51:07,65.0,-1.0,4.0,-0.2,0,0.0,0,0.0,2026-04-12,0.0,0.0
2026-04-12 04:56:06,65.0,0.0,3.0,0.0,0,0.0,0,0.0,2026-04-12,0.0,0.0
2026-04-12 05:01:07,64.0,-1.0,0.0,-0.2,0,0.0,0,0.0,2026-04-12,0.0,0.0
2026-04-12 05:06:07,61.0,-3.0,-4.0,-0.6,0,0.0,0,0.0,2026-04-12,0.0,0.0
2026-04-12 05:11:07,64.0,3.0,-1.0,0.6,0,0.0,0,0.0,2026-04-12,0.0,0.0
2026-04-12 05:16:07,64.0,0.0,-2.0,0.0,0,0.0,0,0.0,2026-04-12,0.0,0.0
2026-04-12 05:21:07,66.0,2.0,1.0,0.4,0,0.0,0,0.0,2026-04-12,0.0,0.0
2026-04-12 05:26:07,68.0,2.0,3.0,0.4,0,0.0,0,0.0,2026-04-12,0.0,0.0
2026-04-12 05:31:08,70.0,2.0,6.0,0.4,0,0.0,0,0.0,2026-04-12,0.0,0.0
2026-04-12 05:36:07,71.0,1.0,10.0,0.2,0,0.0,0,0.0,2026-04-12,0.0,0.0
2026-04-12 05:41:07,71.0,0.0,7.0,0.0,0,0.0,0,0.0,2026-04-12,0.0,0.0
2026-04-12 05:46:07,73.0,2.0,9.0,0.4,0,0.0,0,0.0,2026-04-12,0.0,0.0
2026-04-12 05:51:07,76.0,3.0,10.0,0.6,0,0.0,0,0.0,2026-04-12,0.0,0.0
2026-04-12 05:56:07,77.0,1.0,9.0,0.2,0,0.0,0,0.0,2026-04-12,0.0,0.0
2026-04-12 06:01:07,79.0,2.0,9.0,0.4,0,0.0,0,0.0,2026-04-12,0.0,0.0
2026-04-12 06:06:07,80.0,1.0,9.0,0.2,0,0.0,0,0.0,2026-04-12,0.0,0.0
2026-04-12 06:11:07,83.0,3.0,12.0,0.6,0,0.0,0,0.0,2026-04-12,0.0,0.0
2026-04-12 06:16:08,86.0,3.0,13.0,0.6,0,0.0,0,0.0,2026-04-12,0.0,0.0
2026-04-12 06:21:07,89.0,3.0,13.0,0.6,0,0.0,0,0.0,2026-04-12,0.0,0.0
2026-04-12 06:26:07,92.0,3.0,15.0,0.6,0,0.0,0,0.0,2026-04-12,0.0,0.0
2026-04-12 06:31:07,96.0,4.0,17.0,0.8,0,0.0,0,0.0,2026-04-12,0.0,0.0
2026-04-12 06:36:07,99.0,3.0,19.0,0.6,0,0.0,0,0.0,2026-04-12,0.0,0.0
2026-04-12 06:41:07,103.0,4.0,20.0,0.8,0,0.0,0,0.0,2026-04-12,0.0,0.0
2026-04-12 06:46:07,107.0,4.0,21.0,0.8,0,0.0,0,0.0,2026-04-12,0.0,0.0
2026-04-12 06:51:07,113.0,6.0,24.0,1.2,0,0.0,0,0.0,2026-04-12,0.0,0.0
2026-04-12 06:56:07,117.0,4.0,25.0,0.8,0,0.0,0,0.0,2026-04-12,0.0,0.0
2026-04-12 07:01:08,120.0,3.0,24.0,0.6,0,0.0,0,0.0,2026-04-12,0.0,0.0
2026-04-12 07:06:08,121.0,1.0,22.0,0.2,0,0.0,0,0.0,2026-04-12,0.0,0.0
2026-04-12 07:11:08,122.0,1.0,19.0,0.2,0,0.0,0,0.0,2026-04-12,0.0,0.0
2026-04-12 07:16:08,125.0,3.0,18.0,0.6,0,0.0,0,0.0,2026-04-12,0.0,0.0
2026-04-12 07:21:07,122.0,-3.0,9.0,-0.6,0,0.0,0,0.0,2026-04-12,0.0,0.0
2026-04-12 07:26:08,124.0,2.0,7.0,0.4,0,0.0,0,0.0,2026-04-12,0.0,0.0
2026-04-12 07:31:07,132.0,8.0,12.0,1.6,0,0.0,0,0.0,2026-04-12,0.0,0.0
2026-04-12 07:36:08,142.0,10.0,21.0,2.0,0,0.0,0,0.0,2026-04-12,0.0,0.0
2026-04-12 07:41:08,152.0,10.0,30.0,2.0,0,0.0,0,0.0,2026-04-12,0.0,0.0
2026-04-12 07:46:08,162.0,10.0,37.0,2.0,1,44.4,0,0.0,2026-04-12,0.0,0.0
2026-04-12 07:51:07,170.0,8.0,48.0,1.6,1,57.599999999999994,0,0.0,2026-04-12,0.0,0.0
2026-04-12 07:56:08,174.0,4.0,50.0,0.8,1,60.0,0,0.0,2026-04-12,0.0,0.0
2026-04-12 08:01:08,192.0,18.0,60.0,3.6,1,72.0,0,0.0,2026-04-12,0.0,0.0
2026-04-12 08:06:07,204.0,12.0,62.0,2.4,1,74.39999999999999,0,0.0,2026-04-12,0.0,0.0
2026-04-12 08:11:07,203.0,-1.0,51.0,-0.2,1,61.199999999999996,0,0.0,2026-04-12,0.0,0.0
2026-04-12 08:16:07,203.0,0.0,41.0,0.0,1,49.199999999999996,0,0.0,2026-04-12,0.0,0.0
2026-04-12 08:21:08,208.0,5.0,38.0,1.0,1,45.6,0,0.0,2026-04-12,0.0,0.0
2026-04-12 08:26:07,213.0,5.0,39.0,1.0,1,46.8,0,0.0,2026-04-12,0.0,0.0
2026-04-12 08:31:08,212.0,-1.0,20.0,-0.2,0,0.0,0,0.0,2026-04-12,0.0,0.0
2026-04-12 08:36:07,233.0,21.0,29.0,4.2,0,0.0,0,0.0,2026-04-12,0.0,0.0
2026-04-12 08:41:08,253.0,20.0,50.0,4.0,1,60.0,0,0.0,2026-04-12,0.0,0.0
2026-04-12 08:46:07,263.0,10.0,60.0,2.0,1,72.0,0,0.0,2026-04-12,0.0,0.0
2026-04-12 08:51:08,294.0,31.0,86.0,6.2,1,103.2,0,0.0,2026-04-12,0.0,0.0
2026-04-12 08:56:07,301.0,7.0,88.0,1.4,1,105.6,0,0.0,2026-04-12,0.0,0.0
2026-04-12 09:01:08,310.0,9.0,98.0,1.8,1,117.6,0,0.0,2026-04-12,0.0,0.0
2026-04-12 09:06:07,321.0,11.0,88.0,2.2,1,105.6,0,0.0,2026-04-12,0.0,0.0
2026-04-12 09:11:08,353.0,32.0,100.0,6.4,1,120.0,0,0.0,2026-04-12,0.0,0.0
2026-04-12 09:16:07,364.0,11.0,101.0,2.2,1,121.19999999999999,0,0.0,2026-04-12,0.0,0.0
2026-04-12 09:21:07,371.0,7.0,77.0,1.4,1,92.39999999999999,0,0.0,2026-04-12,0.0,0.0
2026-04-12 09:26:08,380.0,9.0,79.0,1.8,1,94.8,0,0.0,2026-04-12,0.0,0.0
2026-04-12 09:31:08,395.0,15.0,85.0,3.0,1,102.0,0,0.0,2026-04-12,0.0,0.0
2026-04-12 09:36:08,382.0,-13.0,61.0,-2.6,1,73.2,0,0.0,2026-04-12,0.0,0.0
2026-04-12 09:41:08,376.0,-6.0,23.0,-1.2,0,0.0,0,0.0,2026-04-12,0.0,0.0
2026-04-12 09:46:08,368.0,-8.0,4.0,-1.6,0,0.0,0,0.0,2026-04-12,0.0,0.0
2026-04-12 09:51:08,366.0,-2.0,-5.0,-0.4,0,0.0,0,0.0,2026-04-12,0.0,0.0
2026-04-12 09:56:08,356.0,-10.0,-24.0,-2.0,0,0.0,0,0.0,2026-04-12,0.0,0.0
2026-04-12 10:01:08,342.0,-14.0,-53.0,-2.8,0,0.0,1,1.325,2026-04-12,0.0,0.0
2026-04-12 10:06:08,341.0,-1.0,-41.0,-0.2,0,0.0,1,1.025,2026-04-12,0.0,0.0
2026-04-12 10:11:08,331.0,-10.0,-45.0,-2.0,0,0.0,1,1.125,2026-04-12,0.0,0.0
2026-04-12 10:16:08,316.0,-15.0,-52.0,-3.0,0,0.0,1,1.3,2026-04-12,0.0,0.0
2026-04-12 10:21:10,308.0,-8.0,-58.0,-1.6,0,0.0,1,1.45,2026-04-12,0.0,0.0
2026-04-12 10:26:08,299.0,-9.0,-57.0,-1.8,0,0.0,1,1.425,2026-04-12,0.0,0.0
2026-04-12 10:31:08,289.0,-10.0,-53.0,-2.0,0,0.0,1,1.325,2026-04-12,0.0,0.0
2026-04-12 10:36:08,279.0,-10.0,-62.0,-2.0,0,0.0,1,1.55,2026-04-12,0.0,0.0
2026-04-12 10:41:08,266.0,-13.0,-65.0,-2.6,0,0.0,1,1.625,2026-04-12,0.0,0.0
2026-04-12 10:46:08,259.0,-7.0,-57.0,-1.4,0,0.0,1,1.425,2026-04-12,0.0,0.0
2026-04-12 10:51:08,260.0,1.0,-48.0,0.2,0,0.0,1,1.2,2026-04-12,0.0,0.0
2026-04-12 10:56:09,253.0,-7.0,-46.0,-1.4,0,0.0,1,1.15,2026-04-12,0.0,0.0
2026-04-12 11:01:08,248.0,-5.0,-41.0,-1.0,0,0.0,1,1.025,2026-04-12,0.0,0.0
2026-04-12 11:06:09,242.0,-6.0,-37.0,-1.2,0,0.0,1,0.925,2026-04-12,0.0,0.0
2026-04-12 11:11:08,237.0,-5.0,-29.0,-1.0,0,0.0,0,0.0,2026-04-12,0.0,0.0
2026-04-12 11:16:08,235.0,-2.0,-24.0,-0.4,0,0.0,0,0.0,2026-04-12,0.0,0.0
2026-04-12 11:21:08,226.0,-9.0,-34.0,-1.8,0,0.0,1,0.85,2026-04-12,0.0,0.0
2026-04-12 11:26:08,218.0,-8.0,-35.0,-1.6,0,0.0,1,0.875,2026-04-12,0.0,0.0
2026-04-12 11:31:09,216.0,-2.0,-32.0,-0.4,0,0.0,1,0.8,2026-04-12,0.0,0.0
2026-04-12 11:36:08,215.0,-1.0,-27.0,-0.2,0,0.0,0,0.0,2026-04-12,0.0,0.0
2026-04-12 11:41:08,214.0,-1.0,-23.0,-0.2,0,0.0,0,0.0,2026-04-12,0.0,0.0
2026-04-12 11:46:09,208.0,-6.0,-27.0,-1.2,0,0.0,0,0.0,2026-04-12,0.0,0.0
2026-04-12 11:51:08,206.0,-2.0,-20.0,-0.4,0,0.0,0,0.0,2026-04-12,0.0,0.0
2026-04-12 11:56:08,207.0,1.0,-11.0,0.2,0,0.0,0,0.0,2026-04-12,0.0,0.0
2026-04-12 12:01:09,207.0,0.0,-9.0,0.0,0,0.0,0,0.0,2026-04-12,0.0,0.0
2026-04-12 12:06:08,206.0,-1.0,-9.0,-0.2,0,0.0,0,0.0,2026-04-12,0.0,0.0
2026-04-12 12:11:09,210.0,4.0,-4.0,0.8,0,0.0,0,0.0,2026-04-12,0.0,0.0
2026-04-12 12:16:08,221.0,11.0,13.0,2.2,0,0.0,0,0.0,2026-04-12,0.0,0.0
2026-04-12 12:21:09,217.0,-4.0,11.0,-0.8,0,0.0,0,0.0,2026-04-12,0.0,0.0
2026-04-12 12:26:08,212.0,-5.0,5.0,-1.0,0,0.0,0,0.0,2026-04-12,0.0,0.0
2026-04-12 12:31:09,218.0,6.0,11.0,1.2,0,0.0,0,0.0,2026-04-12,0.0,0.0
2026-04-12 12:36:09,219.0,1.0,13.0,0.2,0,0.0,0,0.0,2026-04-12,0.0,0.0
2026-04-12 12:41:09,223.0,4.0,13.0,0.8,0,0.0,0,0.0,2026-04-12,0.0,0.0
2026-04-12 12:46:09,237.0,14.0,16.0,2.8,0,0.0,0,0.0,2026-04-12,0.0,0.0
2026-04-12 12:51:09,245.0,8.0,28.0,1.6,0,0.0,0,0.0,2026-04-12,0.0,0.0
2026-04-12 12:56:09,253.0,8.0,41.0,1.6,1,49.199999999999996,0,0.0,2026-04-12,0.0,0.0
2026-04-12 13:01:09,266.0,13.0,48.0,2.6,1,57.599999999999994,0,0.0,2026-04-12,0.0,0.0
2026-04-12 13:06:09,266.0,0.0,47.0,0.0,1,56.4,0,0.0,2026-04-12,0.0,0.0
2026-04-12 13:11:09,273.0,7.0,50.0,1.4,1,60.0,0,0.0,2026-04-12,0.0,0.0
2026-04-12 13:16:09,283.0,10.0,46.0,2.0,1,55.199999999999996,0,0.0,2026-04-12,0.0,0.0
2026-04-12 13:21:09,283.0,0.0,38.0,0.0,1,45.6,0,0.0,2026-04-12,0.0,0.0
2026-04-12 13:26:09,283.0,0.0,30.0,0.0,0,0.0,0,0.0,2026-04-12,0.0,0.0
2026-04-12 13:31:09,288.0,5.0,22.0,1.0,0,0.0,0,0.0,2026-04-12,0.0,0.0
2026-04-12 13:36:08,286.0,-2.0,20.0,-0.4,0,0.0,0,0.0,2026-04-12,0.0,0.0
2026-04-12 13:41:08,284.0,-2.0,11.0,-0.4,0,0.0,0,0.0,2026-04-12,0.0,0.0
2026-04-12 13:46:08,282.0,-2.0,-1.0,-0.4,0,0.0,0,0.0,2026-04-12,0.0,0.0
2026-04-12 13:51:09,276.0,-6.0,-7.0,-1.2,0,0.0,0,0.0,2026-04-12,0.0,0.0
2026-04-12 13:56:08,277.0,1.0,-6.0,0.2,0,0.0,0,0.0,2026-04-12,0.0,0.0
2026-04-12 14:01:09,272.0,-5.0,-16.0,-1.0,0,0.0,0,0.0,2026-04-12,0.0,0.0
2026-04-12 14:06:08,285.0,13.0,-1.0,2.6,0,0.0,0,0.0,2026-04-12,0.0,0.0
2026-04-12 14:11:08,284.0,-1.0,0.0,-0.2,0,0.0,0,0.0,2026-04-12,0.0,0.0
2026-04-12 14:16:09,279.0,-5.0,-3.0,-1.0,0,0.0,0,0.0,2026-04-12,0.0,0.0
2026-04-12 14:21:10,288.0,9.0,12.0,1.8,0,0.0,0,0.0,2026-04-12,0.0,0.0
2026-04-12 14:26:10,293.0,5.0,16.0,1.0,0,0.0,0,0.0,2026-04-12,0.0,0.0
2026-04-12 14:31:09,296.0,3.0,24.0,0.6,0,0.0,0,0.0,2026-04-12,0.0,0.0
2026-04-12 14:36:09,304.0,8.0,19.0,1.6,0,0.0,0,0.0,2026-04-12,0.0,0.0
2026-04-12 14:41:09,312.0,8.0,28.0,1.6,0,0.0,0,0.0,2026-04-12,0.0,0.0
2026-04-12 14:46:09,327.0,15.0,48.0,3.0,1,57.599999999999994,0,0.0,2026-04-12,0.0,0.0
2026-04-12 14:51:10,341.0,14.0,53.0,2.8,1,63.599999999999994,0,0.0,2026-04-12,0.0,0.0
2026-04-12 14:56:09,337.0,-4.0,44.0,-0.8,1,52.8,0,0.0,2026-04-12,0.0,0.0
2026-04-12 15:01:09,349.0,12.0,53.0,2.4,1,63.599999999999994,0,0.0,2026-04-12,0.0,0.0
2026-04-12 15:06:09,352.0,3.0,48.0,0.6,1,57.599999999999994,0,0.0,2026-04-12,0.0,0.0
2026-04-12 15:11:09,369.0,17.0,57.0,3.4,1,68.39999999999999,0,0.0,2026-04-12,0.0,0.0
2026-04-12 15:16:09,375.0,6.0,48.0,1.2,1,57.599999999999994,0,0.0,2026-04-12,0.0,0.0
2026-04-12 15:21:09,397.0,22.0,56.0,4.4,1,67.2,0,0.0,2026-04-12,0.0,0.0
2026-04-12 16:06:10,391.0,0.0,0.0,0.0,0,0.0,0,0.0,2026-04-12,0.0,0.0
2026-04-12 16:11:10,351.0,-40.0,0.0,-8.0,0,0.0,0,0.0,2026-04-12,0.0,0.0
2026-04-12 16:16:10,314.0,-37.0,0.0,-7.4,0,0.0,0,0.0,2026-04-12,0.0,0.0
2026-04-12 16:21:10,280.0,-34.0,0.0,-6.8,0,0.0,0,0.0,2026-04-12,0.0,0.0
2026-04-12 16:26:10,262.0,-18.0,0.0,-3.6,0,0.0,0,0.0,2026-04-12,0.0,0.0
2026-04-12 16:31:09,246.0,-16.0,0.0,-3.2,0,0.0,0,0.0,2026-04-12,0.0,0.0
2026-04-12 16:36:10,221.0,-25.0,-170.0,-5.0,0,0.0,1,4.25,2026-04-12,0.0,0.0
2026-04-12 16:41:10,200.0,-21.0,-151.0,-4.2,0,0.0,1,3.775,2026-04-12,0.0,0.0
2026-04-12 16:46:09,182.0,-18.0,-132.0,-3.6,0,0.0,1,3.3,2026-04-12,0.0,0.0
2026-04-12 16:51:10,161.0,-21.0,-119.0,-4.2,0,0.0,1,2.975,2026-04-12,0.0,0.0
2026-04-12 16:56:10,143.0,-18.0,-119.0,-3.6,0,0.0,1,2.975,2026-04-12,0.0,0.0
2026-04-12 17:01:10,132.0,-11.0,-114.0,-2.2,0,0.0,1,2.85,2026-04-12,0.0,0.0
2026-04-12 17:06:10,126.0,-6.0,-95.0,-1.2,0,0.0,1,2.375,2026-04-12,0.0,0.0
2026-04-12 17:11:10,116.0,-10.0,-84.0,-2.0,0,0.0,1,2.1,2026-04-12,0.0,0.0
2026-04-12 17:16:09,111.0,-5.0,-71.0,-1.0,0,0.0,1,1.775,2026-04-12,0.0,0.0
2026-04-12 17:21:09,110.0,-1.0,-51.0,-0.2,0,0.0,1,1.275,2026-04-12,0.0,0.0
2026-04-12 17:26:09,111.0,1.0,-32.0,0.2,0,0.0,1,0.8,2026-04-12,0.0,0.0
2026-04-12 17:31:09,106.0,-5.0,-26.0,-1.0,0,0.0,0,0.0,2026-04-12,0.0,0.0
2026-04-12 17:36:09,109.0,3.0,-17.0,0.6,0,0.0,0,0.0,2026-04-12,0.0,0.0
2026-04-12 17:41:09,115.0,6.0,-1.0,1.2,0,0.0,0,0.0,2026-04-12,0.0,0.0
2026-04-12 17:46:09,121.0,6.0,10.0,1.2,0,0.0,0,0.0,2026-04-12,0.0,0.0
2026-04-12 17:51:09,125.0,4.0,15.0,0.8,0,0.0,0,0.0,2026-04-12,0.0,0.0
2026-04-12 17:56:09,128.0,3.0,17.0,0.6,0,0.0,0,0.0,2026-04-12,0.0,0.0
2026-04-12 18:01:09,123.0,-5.0,17.0,-1.0,0,0.0,0,0.0,2026-04-12,0.0,0.0
2026-04-12 18:06:09,115.0,-8.0,6.0,-1.6,0,0.0,0,0.0,2026-04-12,0.0,0.0
2026-04-12 18:11:09,111.0,-4.0,-4.0,-0.8,0,0.0,0,0.0,2026-04-12,0.0,0.0
2026-04-12 18:16:10,98.0,-13.0,-23.0,-2.6,0,0.0,0,0.0,2026-04-12,0.0,0.0
2026-04-12 18:21:10,88.0,-10.0,-37.0,-2.0,0,0.0,1,0.925,2026-04-12,0.0,0.0
2026-04-12 18:26:10,84.0,-4.0,-44.0,-0.8,0,0.0,1,1.1,2026-04-12,0.0,0.0
2026-04-12 18:31:10,77.0,-7.0,-46.0,-1.4,0,0.0,1,1.15,2026-04-12,0.0,0.0
2026-04-12 18:36:10,71.0,-6.0,-44.0,-1.2,0,0.0,1,1.1,2026-04-12,0.0,0.0
2026-04-12 18:41:09,67.0,-4.0,-44.0,-0.8,0,0.0,1,1.1,2026-04-12,0.0,0.0
2026-04-12 18:46:09,61.0,-6.0,-37.0,-1.2,0,0.0,1,0.925,2026-04-12,0.0,0.0
2026-04-12 18:51:09,55.0,-6.0,-33.0,-1.2,0,0.0,1,0.825,2026-04-12,0.0,0.0
2026-04-12 18:56:10,52.0,-3.0,-32.0,-0.6,0,0.0,1,0.8,2026-04-12,0.0,0.0
2026-04-12 19:01:09,53.0,1.0,-24.0,0.2,0,0.0,0,0.0,2026-04-12,0.0,0.0
2026-04-12 19:06:10,59.0,6.0,-12.0,1.2,0,0.0,0,0.0,2026-04-12,0.0,0.0
2026-04-12 19:11:10,60.0,1.0,-7.0,0.2,0,0.0,0,0.0,2026-04-12,0.0,0.0
2026-04-12 19:16:09,60.0,0.0,-1.0,0.0,0,0.0,0,0.0,2026-04-12,0.0,0.0
2026-04-12 19:21:09,67.0,7.0,12.0,1.4,0,0.0,0,0.0,2026-04-12,0.0,0.0
2026-04-12 19:26:10,93.0,26.0,41.0,5.2,1,49.199999999999996,0,0.0,2026-04-12,0.0,0.0
2026-04-12 19:31:10,123.0,30.0,70.0,6.0,1,84.0,0,0.0,2026-04-12,0.0,0.0
2026-04-12 19:36:09,149.0,26.0,90.0,5.2,1,108.0,0,0.0,2026-04-12,0.0,0.0
2026-04-12 19:41:09,168.0,19.0,108.0,3.8,1,129.6,0,0.0,2026-04-12,0.0,0.0
2026-04-12 19:46:09,184.0,16.0,124.0,3.2,1,148.79999999999998,0,0.0,2026-04-12,0.0,0.0
2026-04-12 19:51:10,197.0,13.0,130.0,2.6,1,156.0,0,0.0,2026-04-12,0.0,0.0
2026-04-12 19:56:09,218.0,21.0,125.0,4.2,1,150.0,0,0.0,2026-04-12,0.0,0.0
2026-04-12 20:01:10,235.0,17.0,112.0,3.4,1,134.4,0,0.0,2026-04-12,0.0,0.0
2026-04-12 20:06:10,244.0,9.0,95.0,1.8,1,114.0,0,0.0,2026-04-12,0.0,0.0
2026-04-12 20:11:10,245.0,1.0,77.0,0.2,1,92.39999999999999,0,0.0,2026-04-12,0.0,0.0
2026-04-12 20:16:10,249.0,4.0,65.0,0.8,1,78.0,0,0.0,2026-04-12,0.0,0.0
2026-04-12 20:21:10,254.0,5.0,57.0,1.0,1,68.39999999999999,0,0.0,2026-04-12,0.0,0.0
2026-04-12 20:26:10,264.0,10.0,46.0,2.0,1,55.199999999999996,0,0.0,2026-04-12,0.0,0.0
2026-04-12 20:31:10,267.0,3.0,32.0,0.6,1,38.4,0,0.0,2026-04-12,0.0,0.0
2026-04-12 20:36:10,275.0,8.0,31.0,1.6,1,37.199999999999996,0,0.0,2026-04-12,0.0,0.0
2026-04-12 20:41:10,291.0,16.0,46.0,3.2,1,55.199999999999996,0,0.0,2026-04-12,0.0,0.0
2026-04-12 20:46:10,278.0,-13.0,29.0,-2.6,0,0.0,0,0.0,2026-04-12,0.0,0.0
2026-04-12 20:51:10,278.0,0.0,24.0,0.0,0,0.0,0,0.0,2026-04-12,0.0,0.0
2026-04-12 20:56:10,291.0,13.0,27.0,2.6,0,0.0,0,0.0,2026-04-12,0.0,0.0
2026-04-12 21:01:10,294.0,3.0,27.0,0.6,0,0.0,0,0.0,2026-04-12,0.0,0.0
2026-04-12 21:06:10,314.0,20.0,39.0,4.0,1,46.8,0,0.0,2026-04-12,0.0,0.0
2026-04-12 21:11:10,331.0,17.0,40.0,3.4,1,48.0,0,0.0,2026-04-12,75.0,56.775
